DSQFL,DSQ, Bairro ,Rua,Número,Tipo de Empreendimento,Area Total Construida,Situação,Restaurantes e cafés,Nome Edifício,Nº Pavimentos em Uso,Disponibilidade,Atividade de Funcionamento,Grau de Risco,Laudo,Acessibilidade,Pichação,Observações,Proprietário Localizado,Investimento,Tributação,Autorização de Informação,Proprietário Cartório,Proprietário Campo,Contato Proprietário,Coincidência Proprietário,Uso do Imóvel,Valor do Aluguel,Valor de Venda,latitude,longitude,latlong,latitude_,longitude_
11455005040021,11455005,Recife,Avenida Alfredo Lisboa,0,,"0,00",Porto do Recife,,Porto do Recife,,,,,,,,,,,,,,,,,,,,"-8,05537","-34,86908","-8.05537,-34.86908",-8.05537,-34.86908
11455005040029,11455005,Recife,Avenida Alfredo Lisboa,0,,"0,00",Porto do Recife,,Porto do Recife,,,,,,,,,,,,,,,,,,,,"-8,05383","-34,86907","-8.05383,-34.86907",-8.05383,-34.86907
11455005040002,11455005,Recife,Avenida Alfredo Lisboa,2,Edificação Especial,"3.056,21",Aberto,,Centro de Artesanato,,,,,,,,,,,,,,,,,,,,"-8,06224","-34,87069","-8.06224,-34.87069",-8.06224,-34.87069
11455005040004,11455005,Recife,Avenida Alfredo Lisboa,4,Edificação Especial,"7.580,20",Aberto,"Cais Rooftop, Disponível (era o Meat)",Cais do Sertão,,,,,,,,,,,,,,,,,,,,"-8,06074","-34,87016","-8.06074,-34.87016",-8.06074,-34.87016
11455005040009,11455005,Recife,Avenida Alfredo Lisboa,9,Edifício Comercial/Serviços,"5.302,44",Aberto,,,,,,,,,,,,,,,,,,,,,,"-8,05920","-34,86961","-8.05920,-34.86961",-8.05920,-34.86961
11455186040012,11455186,Recife,Avenida Alfredo Lisboa,12,EDIFÍCIO COMERCIAL/SERVIÇOS,"4.156,00",Aberto,"Seu Boteco, Rock and Ribs, Love Japan",,,,,,,,,,,,,,,,,,,,,"-8,06403","-34,87148","-8.06403,-34.87148",-8.06403,-34.87148
11455005040012,11455005,Recife,Avenida Alfredo Lisboa,12,Edificação Especial,"1.827,00",Porto do Recife,,,,,,,,,,,,,,,,,,,,,,"-8,05816","-34,86925","-8.05816,-34.86925",-8.05816,-34.86925
11455186040013,11455186,Recife,Avenida Alfredo Lisboa,13,EDIFÍCIO COMERCIAL/SERVIÇOS,"4.041,40",Aberto,Matrix Music Pub,,,,Armazém,,,,,,,,,,,,,,,,,"-8,06486","-34,87191","-8.06486,-34.87191",-8.06486,-34.87191
11455186040014,11455186,Recife,Avenida Alfredo Lisboa,14,EDIFICAÇÃO ESPECIAL,"5.694,70",Aberto,,,,,Armazém Itaipava,,,,,,,,,,,,,,,,,"-8,06632","-34,87274","-8.06632,-34.87274",-8.06632,-34.87274
11455005040015,11455005,Recife,Avenida Alfredo Lisboa,15,Edificação Especial,"5.135,36",Porto do Recife,,,,,,,,,,,,,,,,,,,,,,"-8,05695","-34,86926","-8.05695,-34.86926",-8.05695,-34.86926
11455180020080,11455180,Recife,Avenida Alfredo Lisboa,18,EDIFICAÇÃO ESPECIAL,"1.376,20",Aberto,,,,,Associação Comercial Starbucks,R3,,,,,,,,,,,,,,,,"-8,06281","-34,87159","-8.06281,-34.87159",-8.06281,-34.87159
11455005040034,11455005,Recife,Avenida Alfredo Lisboa,20,Condomínio Misto,"8.034,52",Porto do Recife,,,,,,,,,,,,,,,,,,,,,,"-8,05386","-34,86836","-8.05386,-34.86836",-8.05386,-34.86836
11455005040022,11455005,Recife,Avenida Alfredo Lisboa,22,Edificação Especial,"7.660,00",Porto do Recife,,,,,,,,,,,,,,,,,,,,,,"-8,05548","-34,86852","-8.05548,-34.86852",-8.05548,-34.86852
11455245020166,11455245,Recife,Avenida Alfredo Lisboa,149,CASA,"473,20",Fechado,,,,,abandono,,,,,,,,,,,,,,,,,"-8,06404","-34,87191","-8.06404,-34.87191",-8.06404,-34.87191
11455315020055,11455315,Recife,Avenida Alfredo Lisboa,173,EDIFICAÇÃO ESPECIAL,"750,00",Aberto,,,,,Posto de Gasolina,,,,,,,,,,,,,,,,,"-8,06538","-34,87260","-8.06538,-34.87260",-8.06538,-34.87260
11455245020200,11455245,Recife,Avenida Alfredo Lisboa,173,EDIFICAÇÃO ESPECIAL,"750,00",Aberto,,,,,Poder Judiciario - Justiça Militar da União,,,,,,,,,,,,,,,,,"-8,06421","-34,87202","-8.06421,-34.87202",-8.06421,-34.87202
11455160020055,11455160,Recife,Avenida Alfredo Lisboa,505,Edificação Especial,"3.795,65",Aberto,,Caixa Cultural,,,,,,,,,,,,,,,,,,,,"-8,06257","-34,87134","-8.06257,-34.87134",-8.06257,-34.87134
11455115020120,11455115,Recife,Avenida Alfredo Lisboa,1.152,EDIFICAÇÃO ESPECIAL,"7.000,40",Aberto,,,,,Receita Federal,N,,,,,,,,,,,,,,,,"-8,06016","-34,87050","-8.06016,-34.87050",-8.06016,-34.87050
11455115020080,11455115,Recife,Avenida Alfredo Lisboa,1.168,EDIFICAÇÃO ESPECIAL,"7.997,00",Aberto,,,,,Ministério da Economia - Regional,N,,,,,,,,,,,,,,,,"-8,05979","-34,87039","-8.05979,-34.87039",-8.05979,-34.87039
11455025037200,11455025,Recife,Avenida Alfredo Lisboa,,#N/A,,Aberto,,Caixa D'água,,,estacionamento,,,,,,,,,,,,,,,,,"-8,05811","-34,86994","-8.05811,-34.86994",-8.05811,-34.86994
11455315020070,11455315,Recife,Avenida Alfredo Lisboa,,#N/A,,Aberto,,,,,Estacionamento do Paço/Arcádia,,,,,,,,,,,,,,,,,"-8,06548","-34,87262","-8.06548,-34.87262",-8.06548,-34.87262
11455320030121,11455320,Recife,Avenida Alfredo Lisboa,,#N/A,,Porto do Recife,,,,,Área do Porto,,,,,,,,,,,,,,,,,"-8,06567","-34,87306","-8.06567,-34.87306",-8.06567,-34.87306
11455305020036,11455305,Recife,Avenida Alfredo Lisboa,,#N/A,,Terreno,,,,,área livre na entrada da ilha (colado com o 173),,,,,,,,,,,,,,,,,"-8,06512","-34,87255","-8.06512,-34.87255",-8.06512,-34.87255
11455175010130,11455175,Recife,Avenida Barbosa Lima,85,LOJA,"490,50",Em licenciamento,,,,Aluguel (inteiro),alugo,R1,,,,,SIM,,,,,LUIZ FARINA,98888-4040,SIM,,"R$75.000,00",não disponível,"-8,06251","-34,87204","-8.06251,-34.87204",-8.06251,-34.87204
11455175010120,11455175,Recife,Avenida Barbosa Lima,91,LOJA,"490,50",Em licenciamento,,,,Aluguel (inteiro),alugo,R1,,,,,SIM,,,,,LUIZ FARINA,98888-4040,SIM,,"R$75.000,00",não disponível,"-8,06246","-34,87211","-8.06246,-34.87211",-8.06246,-34.87211
11455171010120,11455171,Recife,Avenida Barbosa Lima,149,EDIFÍCIO COMERCIAL/SERVIÇOS,"4.800,00",Aberto,,Edf. Alfredo Fernandes,,,Misto,SR,,,,,,,,,,,,,,,,"-8,06224","-34,87255","-8.06224,-34.87255",-8.06224,-34.87255
11560175010285,11560175,Boa Vista,Avenida Conde da Boa Vista,233,LOJA,,Fechado,,,,Aluguel (inteiro),,,,,,,,,,,,,André Costa (991159455),,,,,,,",",,
11455225010155,11455225,Recife,Avenida Marquês de Olinda,35,LOJA,"2.295,40",Aberto,,,,,edf. joão santos filho,R2,,,,,,,,,,,,,,,,"-8,06350","-34,87185","-8.06350,-34.87185",-8.06350,-34.87185
11455225010135,11455225,Recife,Avenida Marquês de Olinda,55,GARAGEM COMERCIAL,"3.159,50",Fechado,,,,,sem placa de disponível,SR,,,,,,,,,,,,,,,,"-8,06354","-34,87202","-8.06354,-34.87202",-8.06354,-34.87202
11455205020045,11455205,Recife,Avenida Marquês de Olinda,58,EDIFÍCIO COMERCIAL/SERVIÇOS,"1.292,80",Aberto,,,,,Prédio FCCR (Rec. Cultural),,,,,,,,,,,,,,,,,"-8,06315","-34,87198","-8.06315,-34.87198",-8.06315,-34.87198
11455225010125,11455225,Recife,Avenida Marquês de Olinda,67,GARAGEM COMERCIAL,"1.232,30",Abandonado,,,,,,SR,,,,,,,,,,,,,,,,"-8,06357","-34,87212","-8.06357,-34.87212",-8.06357,-34.87212
11455225010110,11455225,Recife,Avenida Marquês de Olinda,85,EDIFÍCIO COMERCIAL/SERVIÇOS,"1.279,90",Em licenciamento,,,,Aluguel (inteiro),disponível aluguel,R2,,,,,,,,,,,Ricardo Dantas (81) 982522002 / 986780000,,,"R$22.000,00",não disponível,"-8,06358","-34,87221","-8.06358,-34.87221",-8.06358,-34.87221
11455235010150,11455235,Recife,Avenida Marquês de Olinda,105,EDIFICAÇÃO ESPECIAL,"878,00",Aberto,,,,,antiga gráfica da Folha PE,SR,,,,,,,,,,,,,,,,"-8,06364","-34,87243","-8.06364,-34.87243",-8.06364,-34.87243
11455235010140,11455235,Recife,Avenida Marquês de Olinda,111,LOJA,"832,00",Fechado,,,,Aluguel (inteiro),disponível para aluguel (antiga pousada Marco Zero),SR,,,,,,,,,,,98699 - 7259,,,"R$8.000,00","R$1.600.000,00","-8,06365","-34,87251","-8.06365,-34.87251",-8.06365,-34.87251
11455235010135,11455235,Recife,Avenida Marquês de Olinda,117,LOJA,"686,70",Aberto,Restaurante Morangos,,,,,R3,,,,,,,,,,,,,,,,"-8,06366","-34,87257","-8.06366,-34.87257",-8.06366,-34.87257
11455235010130,11455235,Recife,Avenida Marquês de Olinda,125,LOJA,"951,90",Fechado,,,,Aluguel (inteiro),,R3,,,,disponível aluguel térreo,,,,,,,996181798,,,"R$5.500,00 (500m2)",não disponível,"-8,06367","-34,87264","-8.06367,-34.87264",-8.06367,-34.87264
11455215030016,11455215,Recife,Avenida Marquês de Olinda,126,EDIFÍCIO COMERCIAL/SERVIÇOS,"4.486,70",Aberto,,Empresarial Citi,,Aluguel (subunidade),térreo futuras instalações da caixa,SR,,,,,,,,,,,,,,,,"-8,06322","-34,87264","-8.06322,-34.87264",-8.06322,-34.87264
11455235010120,11455235,Recife,Avenida Marquês de Olinda,133,LOJA,"1.395,00",Fechado,,,,,antigo Diário PE / sistema 135,R2,,,,,,,,,,,Eduardo Teixeira Guerra (81) 99985 1712,,,"R$55.000,00",a definir,"-8,06369","-34,87273","-8.06369,-34.87273",-8.06369,-34.87273
11455215030030,11455215,Recife,Avenida Marquês de Olinda,136,INSTITUIÇÃO FINANCEIRA,"1.028,70",Fechado,,,,,Banco Bradesco,SR,,,,,,,,,,,,,,,,"-8,06325","-34,87281","-8.06325,-34.87281",-8.06325,-34.87281
11455215030040,11455215,Recife,Avenida Marquês de Olinda,142,EDIFÍCIO COMERCIAL/SERVIÇOS,"388,00",Abandonado,,,,,inativo,R3,,,,,,,,,,,Dani Hoover Costa 999677815,,,Marcelo: liguei para o contato às 12h07 do dia 15/12/22 mas ninguém atendeu,,"-8,06327","-34,87290","-8.06327,-34.87290",-8.06327,-34.87290
11455235010105,11455235,Recife,Avenida Marquês de Olinda,143,EDIFÍCIO COMERCIAL/SERVIÇOS,"907,40",Aberto,,,,,térreo ativo,SR,,,,,,,,,,,,,,,,"-8,06371","-34,87283","-8.06371,-34.87283",-8.06371,-34.87283
11455215030050,11455215,Recife,Avenida Marquês de Olinda,150,LOJA,"777,20",Aberto,,,,,farmácia viva bem,SR,,,,,,,,,,,,,,,,"-8,06328","-34,87297","-8.06328,-34.87297",-8.06328,-34.87297
11455235010100,11455235,Recife,Avenida Marquês de Olinda,151,LOJA,"776,40",Aberto,,,,,estacionamento,R3,,,,funcionando (segundo andar fechado),,,,,,,,,,,,"-8,06372","-34,87289","-8.06372,-34.87289",-8.06372,-34.87289
11455220030004,11455220,Recife,Avenida Marquês de Olinda,174,HOTEL,"523,30",Aberto,Café Liberal,,,,,SR,,,,,,,,,,,,,,,,"-8,06331","-34,87316","-8.06331,-34.87316",-8.06331,-34.87316
11455240010080,11455240,Recife,Avenida Marquês de Olinda,175,SALA,"1.502,10",Aberto,,,,,Excelsior Seguros,SR,,,,,,,,,,,,,,,,"-8,06375","-34,87309","-8.06375,-34.87309",-8.06375,-34.87309
11455220030011,11455220,Recife,Avenida Marquês de Olinda,182,LOJA,"714,00",Fechado,,,,Aluguel (inteiro),,SR,,,,disponível para aluguel (antiga PROCENGE),,,,,,Nisia Cardoso,(81) 99656-6826 / (81) 3425-5151,,,"R$14.000,00",não disponível,"-8,06333","-34,87322","-8.06333,-34.87322",-8.06333,-34.87322
11455240010067,11455240,Recife,Avenida Marquês de Olinda,191,EDIFÍCIO COMERCIAL/SERVIÇOS,"454,60",Aberto,,,,,"Empresarial (casa lotérica, salão, casa de jogos)",R1,,,,,,,,,,,,,,,,"-8,06366","-34,87322","-8.06366,-34.87322",-8.06366,-34.87322
11455240010055,11455240,Recife,Avenida Marquês de Olinda,199,LOJA,"696,00",Aberto,Restaurante O Marquês,,,,empresarial (térreo: Restaurante O Marquês),R2,,,,,,,,,,,,,,,,"-8,06377","-34,87330","-8.06377,-34.87330",-8.06377,-34.87330
11455220030020,11455220,Recife,Avenida Marquês de Olinda,200,EDIFÍCIO COMERCIAL/SERVIÇOS,"2.177,70",Aberto,,,,Aluguel (inteiro),antigo Banco Itaú,SR,,,,térreo disponível para aluguel,,,,,,,994370900,,,"R$15.000,00 (iptu incluso) / 12.000,00 (sem iptu)",não disponível,"-8,06335","-34,87337","-8.06335,-34.87337",-8.06335,-34.87337
11455240010046,11455240,Recife,Avenida Marquês de Olinda,207,INSTITUIÇÃO FINANCEIRA,"1.094,40",Aberto,,,,,Banco Caixa Econômica,SR,,,,,,,,,,,,,,,,"-8,06378","-34,87338","-8.06378,-34.87338",-8.06378,-34.87338
11455220030045,11455220,Recife,Avenida Marquês de Olinda,214,LOJA,"750,00",Fechado,,,,Aluguel e venda (inteiro),,R1,,,,Disponível para venda e aluguel (prédio fechado precisando de reforma),,,,,,,(81) 99579-2266,,,"R$ 12.000,00",a definir,"-8,06338","-34,87351","-8.06338,-34.87351",-8.06338,-34.87351
11455240010035,11455240,Recife,Avenida Marquês de Olinda,215,INSTITUIÇÃO FINANCEIRA,"1.620,00",Em obra,,,,,,R2,,,,fechado em reforma (JM empresa prestadora),,,,,,,,,,,,"-8,06380","-34,87349","-8.06380,-34.87349",-8.06380,-34.87349
11455220030055,11455220,Recife,Avenida Marquês de Olinda,222,INSTITUIÇÃO FINANCEIRA,"683,00",Em licenciamento,,,,Aluguel (inteiro),antes alugado para órgão público,SR,,,,disponível para aluguel,,,,,,,9985835415 / 997730832,,,,,"-8,06339","-34,87358","-8.06339,-34.87358",-8.06339,-34.87358
11455250010141,11455250,Recife,Avenida Marquês de Olinda,245,EDIFÍCIO COMERCIAL/SERVIÇOS,"408,00",Em licenciamento,,Chanteclair,,Aluguel (inteiro),,R1,,,,,,,,,,,,,,,,"-8,06377","-34,87375","-8.06377,-34.87375",-8.06377,-34.87375
11455250010130,11455250,Recife,Avenida Marquês de Olinda,257,EDIFÍCIO COMERCIAL/SERVIÇOS,"594,30",Fechado,,Chanteclair,,Aluguel (inteiro),,R1,,,,,,,,,,,,,,,,"-8,06384","-34,87381","-8.06384,-34.87381",-8.06384,-34.87381
11455230030015,11455230,Recife,Avenida Marquês de Olinda,262,EDIFICAÇÃO ESPECIAL,"3.240,60",Fechado,,,,,antigo centro cultural dos correios,R1,,,,,,,,,,,,,,,,"-8,06345","-34,87387","-8.06345,-34.87387",-8.06345,-34.87387
11455250010125,11455250,Recife,Avenida Marquês de Olinda,263,EDIFÍCIO COMERCIAL/SERVIÇOS,"631,30",Fechado,,Chanteclair,,Aluguel (inteiro),,R1,,,,,,,,,,,,,,,,"-8,06384","-34,87388","-8.06384,-34.87388",-8.06384,-34.87388
11455250010115,11455250,Recife,Avenida Marquês de Olinda,273,EDIFÍCIO COMERCIAL/SERVIÇOS,"504,00",Fechado,,Chanteclair,,Aluguel (inteiro),,R1,,,,,,,,,,,,,,,,"-8,06385","-34,87396","-8.06385,-34.87396",-8.06385,-34.87396
11455230030032,11455230,Recife,Avenida Marquês de Olinda,274,LOJA,"819,00",Aberto,,,,,Igreja,R2,,,,,,,,,,,,,,,,"-8,06347","-34,87402","-8.06347,-34.87402",-8.06347,-34.87402
11455250010105,11455250,Recife,Avenida Marquês de Olinda,277,LOJA,"588,10",Fechado,,Chanteclair,,Aluguel (inteiro),,R1,,,,,,,,,,,,,,,,"-8,06386","-34,87403","-8.06386,-34.87403",-8.06386,-34.87403
11455250010090,11455250,Recife,Avenida Marquês de Olinda,287,LOJA,"570,40",Fechado,,Chanteclair,,Aluguel (inteiro),,R1,,,,,,,,,,,,,,,,"-8,06387","-34,87410","-8.06387,-34.87410",-8.06387,-34.87410
11455230030045,11455230,Recife,Avenida Marquês de Olinda,290,EDIFÍCIO COMERCIAL/SERVIÇOS,"2.895,00",Aberto,,,,,Empresarial Manoel dos Santos Moreira,SR,,,,,,,,,,,,,,,,"-8,06349","-34,87413","-8.06349,-34.87413",-8.06349,-34.87413
11455230030055,11455230,Recife,Avenida Marquês de Olinda,296,LOJA,"864,00",Aberto,,,,,Cartório Porto Virgínio,SR,,,,,,,,,,,,,,,,"-8,06352","-34,87423","-8.06352,-34.87423",-8.06352,-34.87423
11455230030067,11455230,Recife,Avenida Marquês de Olinda,302,EDIFÍCIO COMERCIAL/SERVIÇOS,"1.604,00",Fechado,(disponível) Deltaexpresso,,,,antigo café delta,SR,,,,,,,,,,,,,,,,"-8,06353","-34,87431","-8.06353,-34.87431",-8.06353,-34.87431
11455250010085,11455250,Recife,Avenida Marquês de Olinda,303,EDIFICAÇÃO ESPECIAL,"941,00",Fechado,,Chanteclair,,Aluguel (inteiro),,R1,,,,,,,,,,,,,,,,"-8,06389","-34,87420","-8.06389,-34.87420",-8.06389,-34.87420
11455225010175,11455225,Recife,Avenida Marquês de Olinda,,#N/A,,Aberto,,,,,Cimento Nassau,,,,,,,,,,,,,,,,,"-8,06345","-34,87165","-8.06345,-34.87165",-8.06345,-34.87165
11455011011365,11455011,Recife,Avenida Militar,0,Galpão,"2.040,00",Terreno,,Estação 666,,,,,,,,,,,,,,,,,,,,"-8,05238","-34,87217","-8.05238,-34.87217",-8.05238,-34.87217
11455011011254,11455011,Recife,Avenida Militar,10,,"0,00",Terreno,,"Terreno ao pé da Ponte do Limoeiro, lado sul",,,,,,,,,,,,,,,,,,,,"-8,05216","-34,87269","-8.05216,-34.87269",-8.05216,-34.87269
11455011011300,11455011,Recife,Avenida Militar,545,Edificação Especial,"380,35",Aberto,,Posto BR,,,,,,,,,,,,,,,,,,,,"-8,05160","-34,87233","-8.05160,-34.87233",-8.05160,-34.87233
11455010035530,11455010,Recife,Avenida Militar,550,Edificação Especial,"774,46",Aberto,,Posto de Combustível,,,,,,,,,,,,,,,,,,,,"-8,05099","-34,87173","-8.05099,-34.87173",-8.05099,-34.87173
11455030010135,11455030,Recife,Avenida Militar,,#N/A,,Abandonado,,Fábrica Pilar,,,,,,,,,,,,,,,,,,,,"-8,05551","-34,87020","-8.05551,-34.87020",-8.05551,-34.87020
11455030030172,11455030,Recife,Avenida Militar,,#N/A,,Abandonado,,Fábrica Pilar,,,,,,,,,,,,,,,,,,,,"-8,05590","-34,86986","-8.05590,-34.86986",-8.05590,-34.86986
11455205010110,11455205,Recife,Avenida Rio Branco,23,INSTITUIÇÃO FINANCEIRA,"1.461,00",Fechado,,Prédio Rec Cultural,,,,R1,,,,,,,,,,,,,,,,"-8,06312","-34,87178","-8.06312,-34.87178",-8.06312,-34.87178
11455175030005,11455175,Recife,Avenida Rio Branco,50,LOJA,"1.256,00",Aberto,,,,,Cesar,,,,,,,,,,,,,,,,,"-8,06268","-34,87186","-8.06268,-34.87186",-8.06268,-34.87186
11455175030015,11455175,Recife,Avenida Rio Branco,58,LOJA,"807,00",Em obra,,,,Aluguel (inteiro),disponível aluguel ,SR,,,,,,,,,,,34453226 / (81)98188-1402 Antonio,,,"R$15.000,00",não disponível,"-8,06265","-34,87196","-8.06265,-34.87196",-8.06265,-34.87196
11455175030025,11455175,Recife,Avenida Rio Branco,66,LOJA,"584,30",Aberto,Calidus Dancing Bar,,,,Calidus Dancing Bar,SR,,,,,,,,,,,,,,,,"-8,06261","-34,87202","-8.06261,-34.87202",-8.06261,-34.87202
11455175030036,11455175,Recife,Avenida Rio Branco,76,EDIFICAÇÃO ESPECIAL,"837,40",Aberto,,,,,fundação ASSEFAZ,SR,,,,,,,,,,,,,,,,"-8,06264","-34,87216","-8.06264,-34.87216",-8.06264,-34.87216
11455175030051,11455175,Recife,Avenida Rio Branco,104,LOJA,"1.872,00",Aberto,,,,,Vice Governadoria,SR,,,,,,,,,,,,,,,,"-8,06253","-34,87226","-8.06253,-34.87226",-8.06253,-34.87226
11455170030014,11455170,Recife,Avenida Rio Branco,126,GALPÃO,"73,80",Aberto,"Tapioca do Damião, Grilled Burger, Compão",,,,estacionamento,SR,,,,,,,,,,,,,,,,"-8,06251","-34,87261","-8.06251,-34.87261",-8.06251,-34.87261
11455195010148,11455195,Recife,Avenida Rio Branco,127,SALA,"922,50",Em licenciamento,,,,Venda (inteiro),disponível,R3,,,,Venda: 99612-0273,,,,,,,,,,,,"-8,06290","-34,87266","-8.06290,-34.87266",-8.06290,-34.87266
11455195010136,11455195,Recife,Avenida Rio Branco,139,SALA,"679,00",Aberto,,,,Aluguel (subunidade),The Tech Hub (aluguel de salas),SR,,,,,,,,,,,,,,,,"-8,06289","-34,87277","-8.06289,-34.87277",-8.06289,-34.87277
11455170030030,11455170,Recife,Avenida Rio Branco,144,EDIFÍCIO COMERCIAL/SERVIÇOS,"738,00",Fechado,,,,,,R3,,,,,,,,,,,,,,,,"-8,06244","-34,87274","-8.06244,-34.87274",-8.06244,-34.87274
11455195010119,11455195,Recife,Avenida Rio Branco,155,EDIFÍCIO COMERCIAL/SERVIÇOS,"1.722,00",Aberto,Armazém Rio Branco e Frege,Edf. Antônio Silva Oliveira,,,"Armazém Rio Branco, Frege e andares superiores",R3,,,,em reforma (futura estalação Bar/Restaurante) -Ferg,,,,,,,,,,,,"-8,06289","-34,87291","-8.06289,-34.87291",-8.06289,-34.87291
11455170030045,11455170,Recife,Avenida Rio Branco,162,EDIFÍCIO COMERCIAL/SERVIÇOS,"2.483,60",Em obra,,Niagara S.A,,Aluguel (inteiro),disponível,R4,,,,Em processo de restauro,,,,,,,Fred (81) 99944-0555,,,,,"-8,06240","-34,87287","-8.06240,-34.87287",-8.06240,-34.87287
11455190010150,11455190,Recife,Avenida Rio Branco,193,EDIFICAÇÃO ESPECIAL,"2.809,80",Aberto,,,,,Escola Técnica Estadual do Porto Digital,SR,,,,,,,,,,,,,,,,"-8,06279","-34,87336","-8.06279,-34.87336",-8.06279,-34.87336
11455165030030,11455165,Recife,Avenida Rio Branco,240,INSTITUIÇÃO FINANCEIRA,"22.500,00",Aberto,,,,,Banco do Brasil,SR,,,,,,,,,,,,,,,,"-8,06223","-34,87335","-8.06223,-34.87335",-8.06223,-34.87335
11455190010121,11455190,Recife,Avenida Rio Branco,243,EDIFÍCIO COMERCIAL/SERVIÇOS,"1.771,50",Aberto,Poeta e Baba Gula,Edf. São Paulo,,,misto: Poeta/Baba Gula,R1,,,,,,,,,,,,,,,,"-8,06276","-34,87360","-8.06276,-34.87360",-8.06276,-34.87360
11455270040095,11455270,Recife,Cais da Alfândega,130,LOJA,"756,00",Aberto,,,,,Sindaçucar,R2,,,,,,,,,,,,,,,,"-8,06411","-34,87410","-8.06411,-34.87410",-8.06411,-34.87410
11455011021955,11455011,Recife,Cais do Apolo,0,,"0,00",Aberto,,Estacionamento TRF,,,,,,,,,,,,,,,,,,,,"-8,05706","-34,87298","-8.05706,-34.87298",-8.05706,-34.87298
11455011022296,11455011,Recife,Cais do Apolo,0,Edificação Especial,"20.708,00",Aberto,,TRF,,,,,,,,,,,,,,,,,,,,"-8,05842","-34,87310","-8.05842,-34.87310",-8.05842,-34.87310
11455011022601,11455011,Recife,Cais do Apolo,0,Edificação Especial,"1.688,72",Aberto,,Estacionamento Escola de Magistratura Federal,,,,,,,,,,,,,,,,,,,,"-8,06144","-34,87368","-8.06144,-34.87368",-8.06144,-34.87368
11455166040140,11455166,Recife,Cais do Apolo,43,GALPÃO,"762,30",Em licenciamento,,,,,,N,,,,,,,,,,,,,,,,"-8,06189","-34,87311","-8.06189,-34.87311",-8.06189,-34.87311
11455145040140,11455145,Recife,Cais do Apolo,180,GALPÃO,"323,60",Fechado,,,,,,,,,,,,,,,,,,,,,,"-8,06108","-34,87281","-8.06108,-34.87281",-8.06108,-34.87281
11455145040150,11455145,Recife,Cais do Apolo,190,GALPÃO,"427,80",Fechado,,,,Aluguel (inteiro),,,,,,,,,,,,,Direct - 32313113/99996577,,,"R$ 8.000,00",,"-8,06104","-34,87269","-8.06104,-34.87269",-8.06104,-34.87269
11455145040175,11455145,Recife,Cais do Apolo,212,EDIFICAÇÃO ESPECIAL,"498,00",Aberto,,,,,subespaço de energia,,,,,,,,,,,,,,,,,"-8,06082","-34,87267","-8.06082,-34.87267",-8.06082,-34.87267
11455145040180,11455145,Recife,Cais do Apolo,220,SALA,"484,90",Aberto,,,,,Sindicato Nacional de Auditores da Receita Federal,SR,,,,,,,,,,,,,,,,"-8,06076","-34,87263","-8.06076,-34.87263",-8.06076,-34.87263
11455210010120,11455210,Recife,Cais do Apolo,222,EDIFICAÇÃO ESPECIAL,"9.447,00",Aberto,Café Casa dos Frios,,,,Porto Digital,,,,,,,,,,,,,,,,,"-8,06302","-34,87397","-8.06302,-34.87397",-8.06302,-34.87397
11455011022450,11455011,Recife,Cais do Apolo,321,Edificação Especial,"3.506,00",Em obra,,Sede da Polícia Federal,,,,,,,,,,,,,,,,,,,,"-8,06021","-34,87323","-8.06021,-34.87323",-8.06021,-34.87323
11455011022382,11455011,Recife,Cais do Apolo,421,Edificação Especial,"7.535,50",Aberto,,Tribunal Regional Federal,,,,,,,,,,,,,,,,,,,,"-8,05927","-34,87310","-8.05927,-34.87310",-8.05927,-34.87310
11455011021865,11455011,Recife,Cais do Apolo,739,Edificação Especial,"6.290,12",Aberto,,Tribunal Regional do Trabalho,,,,,,,,,,,,,,,,,,,,"-8,05587","-34,87282","-8.05587,-34.87282",-8.05587,-34.87282
11455015050300,11455015,Recife,Cais do Apolo,790,EDIFICAÇÃO ESPECIAL,"190,40",Aberto,,,,,Posto de combustíveis - Petro Bahia,,,,,,,,,,,,,,,,,"-8,05535","-34,87177","-8.05535,-34.87177",-8.05535,-34.87177
11455015050390,11455015,Recife,Cais do Apolo,900,INDÚSTRIA,"4.506,00",Fechado,,,,,Antiga Pilar,,,,,,,,,,,,,,,,,"-8,05455","-34,87148","-8.05455,-34.87148",-8.05455,-34.87148
11455011021733,11455011,Recife,Cais do Apolo,925,Edificação Especial,"37.175,53",Aberto,,Prefeitura do Recife,,,,,,,,,,,,,,,,,,,,"-8,05470","-34,87266","-8.05470,-34.87266",-8.05470,-34.87266
11455011021560,11455011,Recife,Cais do Apolo,1.025,Edificação Especial,"770,86",Aberto,,Estacionamento da Prefeitura,,,,,,,,,,,,,,,,,,,,"-8,05334","-34,87246","-8.05334,-34.87246",-8.05334,-34.87246
11455165040125,11455165,Recife,Cais do Apolo,,#N/A,,Aberto,,,,,Anexo Banco do Brasil (Travessa do Apolo),,,,,,,,,,,,,,,,,"-8,06201","-34,87319","-8.06201,-34.87319",-8.06201,-34.87319
11455160010165,11455160,Recife,Praça Arsenal da Marinha,35,EDIFÍCIO COMERCIAL/SERVIÇOS,"3.010,00",Aberto,,,,,Edifício dos Despachantes Aduaneiros,R2,,,,,,,,,,,,,,,,"-8,06166","-34,87097","-8.06166,-34.87097",-8.06166,-34.87097
11455156010125,11455156,Recife,Praça Arsenal da Marinha,59,LOJA,"341,20",Aberto,Venda Bom Jesus,,,,Venda Bom Jesus,,,,,,,,,,,,,,,,,"-8,06152","-34,87129","-8.06152,-34.87129",-8.06152,-34.87129
11455155010140,11455155,Recife,Praça Arsenal da Marinha,91,LOJA,"2.247,80",Aberto,Café Aurora,,,,Paço do Frevo,SR,,,,,,,,,,,,,,,,"-8,06149","-34,87161","-8.06149,-34.87161",-8.06149,-34.87161
11455140040050,11455140,Recife,Praça Arsenal da Marinha,,#N/A,,Aberto,,,,,Secretaria de Justiça e Direitos Humanos,,,,,,,,,,,,,,,,,"-8,06129","-34,87084","-8.06129,-34.87084",-8.06129,-34.87084
11455012018525,11455012,Recife,Praça da Comunidade Luso Brasileira,0,Casa,"1.000,00",Aberto,,Praça em frente ao Forte do Brum,,,,,,,,,,,,,,,,,,,,"-8,05374","-34,87103","-8.05374,-34.87103",-8.05374,-34.87103
11455005080037,11455005,Recife,Praça da Comunidade Luso Brasileira,23,Edificação Especial,"2.468,08",Porto do Recife,,Administração do Porto do Recife,,,,,,,,,,,,,,,,,,,,"-8,05226","-34,86851","-8.05226,-34.86851",-8.05226,-34.86851
11455005080043,11455005,Recife,Praça da Comunidade Luso Brasileira,35,Condomínio Misto,"653,80",Porto do Recife,,Administração do Porto do Recife,,,,,,,,,,,,,,,,,,,,"-8,05127","-34,86904","-8.05127,-34.86904",-8.05127,-34.86904
11455005080041,11455005,Recife,Praça da Comunidade Luso Brasileira,41,Condomínio Misto,"3.832,61",Porto do Recife,,Administração do Porto do Recife,,,,,,,,,,,,,,,,,,,,"-8,05179","-34,86999","-8.05179,-34.86999",-8.05179,-34.86999
11455005080036,11455005,Recife,Praça da Comunidade Luso Brasileira,70,Condomínio Misto,"3.015,38",Porto do Recife,,Sede do Porto do Recife,,,,,,,,,,,,,,,,,,,,"-8,05402","-34,87000","-8.05402,-34.87000",-8.05402,-34.87000
11455271010186,11455271,Recife,Rua Alfândega,35,EDIFÍCIO COMERCIAL/SERVIÇOS,"13.663,90",Aberto,Babylon,Paço Alfândega,,,serviço,SR,,,,,,,,,,,Hélio Azevedo,,,,,"-8,06482","-34,87382","-8.06482,-34.87382",-8.06482,-34.87382
11455090020265,11455090,Recife,Rua Bernardo Vieira de Melo,15,GALPÃO,"273,00",Aberto,,,,,depósito,,,,,,,,,,,,,,,,,"-8,05914","-34,87112","-8.05914,-34.87112",-8.05914,-34.87112
11455090020260,11455090,Recife,Rua Bernardo Vieira de Melo,21,GALPÃO,"640,00",Aberto,,,,,depósito ,,,,,,,,,,,,,,,,,"-8,05908","-34,87111","-8.05908,-34.87111",-8.05908,-34.87111
11455090020250,11455090,Recife,Rua Bernardo Vieira de Melo,29,GALPÃO,"285,00",Aberto,,,,,oficina (máquia de academia),,,,,,,,,,,,,,,,,"-8,05901","-34,87110","-8.05901,-34.87110",-8.05901,-34.87110
11455090020245,11455090,Recife,Rua Bernardo Vieira de Melo,37,LOJA,"573,50",Aberto,,,,,depósito de sal,,,,,,,,,,,,3222-5222,,,"R$4.000,00","R$500.000,00","-8,05894","-34,87111","-8.05894,-34.87111",-8.05894,-34.87111
11455090020240,11455090,Recife,Rua Bernardo Vieira de Melo,43,GALPÃO,"255,90",Aberto,,,,,depósito de sal,,,,,,,,,,,,,,,,,"-8,05889","-34,87106","-8.05889,-34.87106",-8.05889,-34.87106
11455090020230,11455090,Recife,Rua Bernardo Vieira de Melo,49,GALPÃO,"344,90",Fechado,,,,Aluguel e venda (inteiro),,,,,,,,,,,,,,,,,,"-8,05881","-34,87105","-8.05881,-34.87105",-8.05881,-34.87105
11455090020220,11455090,Recife,Rua Bernardo Vieira de Melo,67,GALPÃO,"221,10",Aberto,,,,,depósito de ambulantes,,,,,,,,,,,,,,,,,"-8,05872","-34,87104","-8.05872,-34.87104",-8.05872,-34.87104
11455090020215,11455090,Recife,Rua Bernardo Vieira de Melo,75,LOJA,"218,70",Abandonado,,,,,abandono,,,,,,,,,,,,,,,,,"-8,05866","-34,87103","-8.05866,-34.87103",-8.05866,-34.87103
11455080040066,11455080,Recife,Rua Bernardo Vieira de Melo,75,Casa,"0,00",Aberto,,,,,,,,,,,,,,,,,,,,,,"-8,05806","-34,87063","-8.05806,-34.87063",-8.05806,-34.87063
11455075020305,11455075,Recife,Rua Bernardo Vieira de Melo,87,GALPÃO,"326,10",Fechado,,,,Venda (inteiro),disponivel,,,,,,,,,,,,(81) 99944-8541 (Joaquim Corretor),,,não disponível,"R$1.700.000,00","-8,05843","-34,87108","-8.05843,-34.87108",-8.05843,-34.87108
11455075020285,11455075,Recife,Rua Bernardo Vieira de Melo,103,GALPÃO,"728,00",Aberto,,,,,estacionamento,,,,,,,,,,,,,,,,,"-8,05839","-34,87098","-8.05839,-34.87098",-8.05839,-34.87098
11455075020260,11455075,Recife,Rua Bernardo Vieira de Melo,127,GALPÃO,"681,00",Fechado,,,,Aluguel (inteiro),,,,,,,,,,,,,,,,,,"-8,05817","-34,87099","-8.05817,-34.87099",-8.05817,-34.87099
11455075020255,11455075,Recife,Rua Bernardo Vieira de Melo,139,GALPÃO,"122,80",Fechado,,,,,,,,,,,,,,,,,,,,,,"-8,05807","-34,87094","-8.05807,-34.87094",-8.05807,-34.87094
11455075020250,11455075,Recife,Rua Bernardo Vieira de Melo,145,LOJA,"275,00",Aberto,,,,,feira bom,,,,,,,,,,,,,,,,,"-8,05800","-34,87105","-8.05800,-34.87105",-8.05800,-34.87105
11455075020245,11455075,Recife,Rua Bernardo Vieira de Melo,149,GALPÃO,"228,00",Aberto,,,,,empresa,,,,,,,,,,,,,,,,,"-8,05796","-34,87098","-8.05796,-34.87098",-8.05796,-34.87098
11455075020240,11455075,Recife,Rua Bernardo Vieira de Melo,155,GALPÃO,"247,00",Aberto,,,,,empresa,,,,,,,,,,,,,,,,,"-8,05790","-34,87097","-8.05790,-34.87097",-8.05790,-34.87097
11455055040085,11455055,Recife,Rua Bernardo Vieira de Melo,202,LOJA,"120,00",Terreno,,,,,,,,,,,,,,,,,,,,,,"-8,05756","-34,87054","-8.05756,-34.87054",-8.05756,-34.87054
11455040020310,11455040,Recife,Rua Bernardo Vieira de Melo,297,CASA,"3.718,00",Aberto,,,,,habitacional pilar,,,,,,,,,,,,,,,,,"-8,05660","-34,87083","-8.05660,-34.87083",-8.05660,-34.87083
11455040020270,11455040,Recife,Rua Bernardo Vieira de Melo,331,EDIFICAÇÃO ESPECIAL,"800,00",Aberto,,,,,habitacional pilar,,,,,,,,,,,,,,,,,"-8,05624","-34,87079","-8.05624,-34.87079",-8.05624,-34.87079
11455080040046,11455080,Recife,Rua Bernardo Vieira de Melo,,Edifício Misto,,Aberto,,,,,habitação e comércio,,,,,,,,,,,,,,,,,"-8,05829","-34,87054","-8.05829,-34.87054",-8.05829,-34.87054
11455080040061,11455080,Recife,Rua Bernardo Vieira de Melo,,Casa,,Aberto,,,,,Mesma casa nº 75,,,,,,,,,,,,,,,,,"-8,05810","-34,87064","-8.05810,-34.87064",-8.05810,-34.87064
11455065030430,11455065,Recife,Rua Bione,220,EDIFICAÇÃO ESPECIAL,"1.874,50",Aberto,,CESAR Tiradentes,,,serviço,,,,,,,,,,,,,,,,,"-8,05824","-34,87199","-8.05824,-34.87199",-8.05824,-34.87199
11455280020096,11455280,Recife,Rua da Assembleia,67,EDIFÍCIO COMERCIAL/SERVIÇOS,"2.871,90",Aberto,,Edf. São Gabriel,,,,R2,,,,,,,,,,,,,,,,"-8,06435","-34,87257","-8.06435,-34.87257",-8.06435,-34.87257
11455150020311,11455150,Recife,Rua da Guia,81,GALPÃO,"276,60",Aberto,,,,,Estacionamento,SR,,,,,,,,,,,,,,,,"-8,06201","-34,87240","-8.06201,-34.87240",-8.06201,-34.87240
11455155040030,11455155,Recife,Rua da Guia,88,EDIFÍCIO COMERCIAL/SERVIÇOS,"1.747,10",Terreno,,,,,Edifício demolido em 2022,R4,,,,,,,,,,,,,,,,"-8,06218","-34,87206","-8.06218,-34.87206",-8.06218,-34.87206
11455150020295,11455150,Recife,Rua da Guia,89,EDIFÍCIO COMERCIAL/SERVIÇOS,"581,60",Aberto,Sabor de Pernambuco,,,,Restaurante,SR,,,,,,,,,,,,,,,,"-8,06193","-34,87223","-8.06193,-34.87223",-8.06193,-34.87223
11455150020295,11455150,Recife,Rua da Guia,93,#N/A,,Aberto,Boi Voador,,,,Restaurante Boi Voador,SR,,,,,,,,,,,,,,,,"-8,06193","-34,87223","-8.06193,-34.87223",-8.06193,-34.87223
11455150020295,11455150,Recife,Rua da Guia,99,#N/A,,Aberto,Boi Voador,,,,Restaurante,SR,,,,,,,,,,,,,,,,"-8,06193","-34,87223","-8.06193,-34.87223",-8.06193,-34.87223
11455150020285,11455150,Recife,Rua da Guia,107,CASA,"234,00",Fechado,,,,,disponível,SR,,,,Sendo usado pelo Restaurante N. Sra da Guia,,,,,,,,,,,,"-8,06185","-34,87217","-8.06185,-34.87217",-8.06185,-34.87217
11455150020280,11455150,Recife,Rua da Guia,111,CASA,"78,70",Aberto,Guia Restaurante,,,,Restaurante,SR,,,,,,,,,,,,,,,,"-8,06182","-34,87215","-8.06182,-34.87215",-8.06182,-34.87215
11455150020275,11455150,Recife,Rua da Guia,115,LOJA,"83,00",Fechado,,,,,Disponível (precisando de reforma),SR,,,,"Em processo de espólio, sendo usado como depósito do Restaurante N. Sra. da Guia",,,,,,,,,,,,"-8,06179","-34,87213","-8.06179,-34.87213",-8.06179,-34.87213
11455150020270,11455150,Recife,Rua da Guia,117,EDIFICAÇÃO ESPECIAL,"280,10",Aberto,,,,,Empresa,SR,,,,,,,,,,,,,,,,"-8,06175","-34,87213","-8.06175,-34.87213",-8.06175,-34.87213
11455150020265,11455150,Recife,Rua da Guia,121,LOJA,"303,10",Aberto,,,,,Arquivo de Órgão Público,SR,,,,,,,,,,,,,,,,"-8,06172","-34,87211","-8.06172,-34.87211",-8.06172,-34.87211
11455150020261,11455150,Recife,Rua da Guia,127,CASA,"297,00",Em obra,,,,,AOC Empreendimentos,R1,,,,fechado em reforma,,,,,,,email: aosos3788@gmail.com,,,,,"-8,06167","-34,87209","-8.06167,-34.87209",-8.06167,-34.87209
11455150020255,11455150,Recife,Rua da Guia,135,EDIFÍCIO COMERCIAL/SERVIÇOS,"586,00",Aberto,,,,,empresarial,SR,,,,Funcionando apenas o Térreo,,,,,,,,,,,,"-8,06162","-34,87206","-8.06162,-34.87206",-8.06162,-34.87206
11455150020240,11455150,Recife,Rua da Guia,141,EDIFÍCIO COMERCIAL/SERVIÇOS,"417,50",Aberto,,,,,Galeria Gira Galleri,SR,,,,,,,,,,,,,,,,"-8,06157","-34,87200","-8.06157,-34.87200",-8.06157,-34.87200
11455150020233,11455150,Recife,Rua da Guia,149,LOJA,"446,40",Fechado,,,,Aluguel (inteiro),disponível em reforma,R1,,,,,,,,,,,99269-0184/ 99163-6513,,,"R$9.500,00","R$2.500,000,00","-8,06152","-34,87198","-8.06152,-34.87198",-8.06152,-34.87198
11455150020230,11455150,Recife,Rua da Guia,155,LOJA,"360,00",Fechado,,,,,Mesmo prédio que o número 149,,,,,,,,,,,,,,,,,"-8,06148","-34,87195","-8.06148,-34.87195",-8.06148,-34.87195
11455150020228,11455150,Recife,Rua da Guia,159,EDIFÍCIO COMERCIAL/SERVIÇOS,"183,20",Aberto,,,,,Associação dos Estivadores,SR,,,,,,,,,,Dercio,(81)98552-9602,,,Marcelo: liguei às 12h22 do dia 15/12/22 mas ninguém atendeu,,"-8,06144","-34,87192","-8.06144,-34.87192",-8.06144,-34.87192
11455150020224,11455150,Recife,Rua da Guia,163,EDIFÍCIO COMERCIAL/SERVIÇOS,"271,80",Aberto,,,,,Associação dos Estivadores Aposentados,SR,,,,,,,,,,Dercio,(81)98552-9602,,,Marcelo: liguei às 12h22 do dia 15/12/22 mas ninguém atendeu,,"-8,06141","-34,87190","-8.06141,-34.87190",-8.06141,-34.87190
11455150020220,11455150,Recife,Rua da Guia,165,EDIFÍCIO COMERCIAL/SERVIÇOS,"215,30",Aberto,Arsenal do Sabor,,,,Restaurante Arsenal do Sabor,R1,,,,,,,,,,,,,,,,"-8,06138","-34,87189","-8.06138,-34.87189",-8.06138,-34.87189
11455150020215,11455150,Recife,Rua da Guia,171,LOJA,"378,60",Fechado,,,,Venda (inteiro),disponível venda em reforma,R2,,,,,,,,,,,(81) 99833-0693,,,"R$14.000,00",,"-8,06133","-34,87188","-8.06133,-34.87188",-8.06133,-34.87188
11455150020210,11455150,Recife,Rua da Guia,175,LOJA,"101,00",Aberto,Gelattos,,,,Restaurante,SR,,,,,,,,,,,,,,,,"-8,06130","-34,87185","-8.06130,-34.87185",-8.06130,-34.87185
11455150020205,11455150,Recife,Rua da Guia,179,CASA,"88,00",Aberto,Gelattos,,,,Restaurante Gelattos,SR,,,,,,,,,,,,,,,,"-8,06127","-34,87183","-8.06127,-34.87183",-8.06127,-34.87183
11455150020200,11455150,Recife,Rua da Guia,183,EDIFÍCIO COMERCIAL/SERVIÇOS,"202,50",Fechado,,,,,,,,,,,,,,,,,,,,,,"-8,06124","-34,87181","-8.06124,-34.87181",-8.06124,-34.87181
11455130020171,11455130,Recife,Rua da Guia,197,EDIFÍCIO COMERCIAL/SERVIÇOS,"125,40",Aberto,,,,,Centro de Atendimento ao Turista,R1,,,,,,,,,,,,,,,,"-8,06110","-34,87182","-8.06110,-34.87182",-8.06110,-34.87182
11455130020166,11455130,Recife,Rua da Guia,201,LOJA,"316,60",Fechado,,,,,o dono vem às vezes,SR,,,,,,,,,,,,,,,,"-8,06110","-34,87174","-8.06110,-34.87174",-8.06110,-34.87174
11455130020160,11455130,Recife,Rua da Guia,207,LOJA,"92,90",Aberto,Maltado,,,,Maltado,SR,,,,,,,,,,,,,,,,"-8,06106","-34,87172","-8.06106,-34.87172",-8.06106,-34.87172
11455130020155,11455130,Recife,Rua da Guia,211,LOJA,"254,30",Aberto,Mamulengo,,,,Restaurante,SR,,,,,,,,,,,,,,,,"-8,06101","-34,87170","-8.06101,-34.87170",-8.06101,-34.87170
11455130020150,11455130,Recife,Rua da Guia,217,EDIFÍCIO COMERCIAL/SERVIÇOS,"272,60",Aberto,,,,,Empresa,SR,,,,,,,,,,,,,,,,"-8,06094","-34,87175","-8.06094,-34.87175",-8.06094,-34.87175
11455130020145,11455130,Recife,Rua da Guia,223,LOJA,"76,90",Em obra,,,,,,SR,,,,,,,,,,,,,,,,"-8,06093","-34,87167","-8.06093,-34.87167",-8.06093,-34.87167
11455130020143,11455130,Recife,Rua da Guia,227,LOJA,"74,80",Em obra,,,,Aluguel (inteiro),Disponível,SR,,,,em reforma (licenciamento em andamento IPHAN),,,,,,,(81) 99114-9000,,,"R$ 15.000,00",indisponível,"-8,06090","-34,87166","-8.06090,-34.87166",-8.06090,-34.87166
11455130020137,11455130,Recife,Rua da Guia,231,LOJA,"62,50",Fechado,,,,,Reforma,SR,,,,,,,,,,,(81) 99262-2400,,,não disponível,"R$2.000.000,00","-8,06086","-34,87164","-8.06086,-34.87164",-8.06086,-34.87164
11455290010035,11455290,Recife,Rua da Moeda,46,EDIFICAÇÃO ESPECIAL,"2.128,00",Aberto,,,,,Órgão Público,R3,,,,,,,,,,,,,,,,"-8,06469","-34,87227","-8.06469,-34.87227",-8.06469,-34.87227
11455275030015,11455275,Recife,Rua da Moeda,50,EDIFICAÇÃO ESPECIAL,"2.277,70",Aberto,,,,,Insole,SR,,,,,,,,,,,,,,,,"-8,06431","-34,87232","-8.06431,-34.87232",-8.06431,-34.87232
11455295010106,11455295,Recife,Rua da Moeda,63,EDIFÍCIO COMERCIAL/SERVIÇOS,"543,70",Fechado,,,,,,SR,,,,,,,,,,,,,,,,"-8,06478","-34,87245","-8.06478,-34.87245",-8.06478,-34.87245
11455295010098,11455295,Recife,Rua da Moeda,71,LOJA,"713,20",Aberto,,,,,Mangue Oranje Hostel,SR,,,,,,,,,,,,,,,,"-8,06480","-34,87255","-8.06480,-34.87255",-8.06480,-34.87255
11455295010085,11455295,Recife,Rua da Moeda,87,EDIFÍCIO MISTO,"228,00",Aberto,Brotfabrik,,,,Brotfabrik,R1,,,,,,,,,,,,,,,,"-8,06473","-34,87265","-8.06473,-34.87265",-8.06473,-34.87265
11455280030025,11455280,Recife,Rua da Moeda,88,GALPÃO,"115,00",Fechado,,,,,,SR,,,,,,,,,,,,,,,,"-8,06442","-34,87273","-8.06442,-34.87273",-8.06442,-34.87273
11455295010075,11455295,Recife,Rua da Moeda,93,EDIFÍCIO COMERCIAL/SERVIÇOS,"238,00",Aberto,Lampião e Maria Bonita,,,,Restaurante,R1,,,,,,,,,,,,,,,,"-8,06474","-34,87273","-8.06474,-34.87273",-8.06474,-34.87273
11455285030004,11455285,Recife,Rua da Moeda,114,EDIFÍCIO COMERCIAL/SERVIÇOS,"224,00",Aberto,Rota do Marujo,,,,Restaurante Rota do Marujo,SR,,,,,,,,,,,,,,,,"-8,06445","-34,87296","-8.06445,-34.87296",-8.06445,-34.87296
11455285030015,11455285,Recife,Rua da Moeda,122,INDÚSTRIA,"737,10",Em obra,Restaurante,,,,restaurante,R1,,,,,,,,,,,,,,,,"-8,06442","-34,87304","-8.06442,-34.87304",-8.06442,-34.87304
11455300010123,11455300,Recife,Rua da Moeda,129,EDIFICAÇÃO ESPECIAL,"832,20",Aberto,,,,,Empresas Fab Lab Rec Digital,SR,,,,,,,,,,,,,,,,"-8,06483","-34,87305","-8.06483,-34.87305",-8.06483,-34.87305
11455285030025,11455285,Recife,Rua da Moeda,132,#N/A,,Fechado,,,,,Número 132 na fachada,,,,,,,,,,,,,,,,,"-8,06442","-34,87312","-8.06442,-34.87312",-8.06442,-34.87312
11455300010117,11455300,Recife,Rua da Moeda,137,EDIFÍCIO COMERCIAL/SERVIÇOS,"579,00",Fechado,(disponível) Restaurante,,,,estava funcionando com restaurante Pepe,R4,,,,Prédio da Santa Casa,,,,,,,,,,,,"-8,06486","-34,87315","-8.06486,-34.87315",-8.06486,-34.87315
11455285030035,11455285,Recife,Rua da Moeda,140,LOJA,"243,60",Aberto,,,,,galeria Arte Plural,SR,,,,,,,,,,,,,,,,"-8,06448","-34,87319","-8.06448,-34.87319",-8.06448,-34.87319
11455300010106,11455300,Recife,Rua da Moeda,149,EDIFÍCIO COMERCIAL/SERVIÇOS,"322,20",Em obra,,,,,reformando por fora,R4,,,,Prédio da Santa Casa,,,,,,,,,,,,"-8,06486","-34,87324","-8.06486,-34.87324",-8.06486,-34.87324
11455285030040,11455285,Recife,Rua da Moeda,150,LOJA,"205,20",Fechado,,,,Aluguel (inteiro),abandonado (disponível),R1,,,,,,,,,,Americo Miranda,(81) 99974-6682 / 99138-6891 / 3274-8122,,,"R$7.000,00","R$ 1.200.000,00","-8,06448","-34,87327","-8.06448,-34.87327",-8.06448,-34.87327
11455285030050,11455285,Recife,Rua da Moeda,156,EDIFÍCIO COMERCIAL/SERVIÇOS,"364,50",Em obra,Restaurante,,,,restaurante,R1,,,,,,,,,,,,,,,,"-8,06449","-34,87333","-8.06449,-34.87333",-8.06449,-34.87333
11455285030055,11455285,Recife,Rua da Moeda,162,EDIFÍCIO COMERCIAL/SERVIÇOS,"200,70",Fechado,,,,,,R1,,,,,,,,,,,,,,,,"-8,06449","-34,87339","-8.06449,-34.87339",-8.06449,-34.87339
11455300010090,11455300,Recife,Rua da Moeda,169,EDIFICAÇÃO ESPECIAL,"130,50",Aberto,,,,,casa de máquina do Paço Alfândega,R3,,,,,,,,,,,,,,,,"-8,06487","-34,87338","-8.06487,-34.87338",-8.06487,-34.87338
11455285030061,11455285,Recife,Rua da Moeda,170,EDIFÍCIO COMERCIAL/SERVIÇOS,"347,10",Fechado,,,,Venda (inteiro),disponível,R1,,,,,,,,,,,(81) 99320-3928 / 99626-7293,,,"dois imóveis: R$2.000,00 (60m2) / R$3.000,00 (80m2)",não disponível,"-8,06448","-34,87345","-8.06448,-34.87345",-8.06448,-34.87345
11565160020170,11565160,Santo Antônio,Rua da Palma,152,LOJA,"2.598,00",Fechado,,,,Aluguel (inteiro),,,,,,,,,,,,,André Costa (991159455),,,,,,,",",,
11455110020520,11455110,Recife,Rua de São Jorge,25,EDIFICAÇÃO ESPECIAL,"2.525,00",Aberto,,,,,capitania dos portos,N,,,,,,,,,,,,,,,,"-8,06001","-34,87131","-8.06001,-34.87131",-8.06001,-34.87131
11455025057750,11455025,Recife,Rua de São Jorge,48,#N/A,,Abandonado,,Fábrica Pilar,,,,,,,,,,,,,,,,,,,,"-8,05631","-34,86983","-8.05631,-34.86983",-8.05631,-34.86983
11455025057070,11455025,Recife,Rua de São Jorge,71,Condomínio Comercial/Serviço,"1.692,80",Aberto,Moendo na Laje,Moinho Recife,,,,,,,,,,,,,,,,,,,,"-8,05726","-34,86988","-8.05726,-34.86988",-8.05726,-34.86988
11455110020470,11455110,Recife,Rua de São Jorge,133,INDÚSTRIA,"1.633,00",Aberto,,,,,almoxarifado das construtoras do moinho,N,,,,,,,,,,,,,,,,"-8,05951","-34,87084","-8.05951,-34.87084",-8.05951,-34.87084
11455080020146,11455080,Recife,Rua de São Jorge,161,#N/A,,Aberto,,,,,moradia,,,,,,,,,,,,,,,,,"-8,05818","-34,87053","-8.05818,-34.87053",-8.05818,-34.87053
11455080020141,11455080,Recife,Rua de São Jorge,162,Comércio,,Aberto,Bar,,,,Bar,,,,,,,,,,,,,,,,,"-8,05815","-34,87044","-8.05815,-34.87044",-8.05815,-34.87044
11455080020136,11455080,Recife,Rua de São Jorge,163,Comércio,,Aberto,,,,,Barbearia,,,,,,,,,,,,,,,,,"-8,05810","-34,87043","-8.05810,-34.87043",-8.05810,-34.87043
11455095020225,11455095,Recife,Rua de São Jorge,215,INDÚSTRIA,"3.588,00",Em obra,,,,,Flat Moinho,,,,,,,,,,,,,,,,,"-8,05883","-34,87064","-8.05883,-34.87064",-8.05883,-34.87064
11455100040100,11455100,Recife,Rua de São Jorge,240,INDÚSTRIA,"24.621,60",Em obra,,,,,Flat Moinho,,,,,,,,,,,,,,,,,"-8,05901","-34,87016","-8.05901,-34.87016",-8.05901,-34.87016
11455080020126,11455080,Recife,Rua de São Jorge,,#N/A,,Abandonado,,,,,Casa em ruínas,,,,,,,,,,,,,,,,,"-8,05800","-34,87050","-8.05800,-34.87050",-8.05800,-34.87050
11455080020150,11455080,Recife,Rua de São Jorge,,#N/A,,Abandonado,,,,,,,,,,,,,,,,,,,,,,"-8,05822","-34,87053","-8.05822,-34.87053",-8.05822,-34.87053
11455031040005,11455031,Recife,Rua de São Jorge,,#N/A,,Aberto,,Igreja de Nossa Senhora do Pilar,,,,,,,,,,,,,,,,,,,,"-8,05613","-34,87020","-8.05613,-34.87020",-8.05613,-34.87020
11455080020131,11455080,Recife,Rua de São Jorge,,Casa,,Aberto,,,,,Moradia,,,,,,,,,,,,,,,,,"-8,05805","-34,87050","-8.05805,-34.87050",-8.05805,-34.87050
11455055020198,11455055,Recife,Rua de São Jorge,,#N/A,,Terreno,,,,,,,,,,,,,,,,,,,,,,"-8,05762","-34,87045","-8.05762,-34.87045",-8.05762,-34.87045
11455166020226,11455166,Recife,Rua do Apolo,53,GALPÃO,"595,00",Em obra,,,,,em reforma,R1,,,,terreno antigo estacionamento,,,,,,,,,,,,"-8,06183","-34,87303","-8.06183,-34.87303",-8.06183,-34.87303
11455145020369,11455145,Recife,Rua do Apolo,81,INSTITUIÇÃO FINANCEIRA,"2.778,10",Aberto,,,,,empresarial,SR,,,,,,,,,,,,,,,,"-8,06167","-34,87293","-8.06167,-34.87293",-8.06167,-34.87293
11455150040060,11455150,Recife,Rua do Apolo,90,CASA,"265,20",Aberto,,,,,empresa advogados,R1,,,,,,,,,,,,,,,,"-8,06188","-34,87243","-8.06188,-34.87243",-8.06188,-34.87243
11455145020358,11455145,Recife,Rua do Apolo,91,EDIFÍCIO COMERCIAL/SERVIÇOS,"966,00",Fechado,,,,Aluguel (inteiro),Disponível Aluguel Bandeprev,R1,,,,,,,,,,Bandeprev (Kátia),(81)3419-4600,,,"R$19.500,00",Não Aplicável,"-8,06159","-34,87289","-8.06159,-34.87289",-8.06159,-34.87289
11455150040065,11455150,Recife,Rua do Apolo,94,LOJA,"272,00",Aberto,,,,,Estacionamento BB,SR,,,,,,,,,,,,,,,,"-8,06184","-34,87240","-8.06184,-34.87240",-8.06184,-34.87240
11455145020350,11455145,Recife,Rua do Apolo,97,LOJA,"1.367,60",Fechado,,,,,abandonado,,,,,,,,,,,,,,,,,"-8,06153","-34,87283","-8.06153,-34.87283",-8.06153,-34.87283
11455150040070,11455150,Recife,Rua do Apolo,100,LOJA,"357,00",Aberto,,,,,Residence e Depósito,R4,,,,,,,,,,,,,,,,"-8,06179","-34,87238","-8.06179,-34.87238",-8.06179,-34.87238
11455150040080,11455150,Recife,Rua do Apolo,106,EDIFÍCIO COMERCIAL/SERVIÇOS,"440,00",Aberto,,,,,Recentro,SR,,,,,,,,,,,,,,,,"-8,06173","-34,87233","-8.06173,-34.87233",-8.06173,-34.87233
11455145020340,11455145,Recife,Rua do Apolo,107,LOJA,"1.012,50",Em obra,Restaurante,,,,Estava em obra para um restaurante,,,,,,,,,,,,,,,,,"-8,06147","-34,87279","-8.06147,-34.87279",-8.06147,-34.87279
11455150040090,11455150,Recife,Rua do Apolo,118,CASA,"430,40",Abandonado,,,,,Arrecadação,R4,,,,,,,,,,,,,,,,"-8,06164","-34,87229","-8.06164,-34.87229",-8.06164,-34.87229
11455145020328,11455145,Recife,Rua do Apolo,121,EDIFICAÇÃO ESPECIAL,"1.316,80",Aberto,,,,,Teatro Apolo,R2,,,,,,,,,,,,,,,,"-8,06136","-34,87275","-8.06136,-34.87275",-8.06136,-34.87275
11455150040095,11455150,Recife,Rua do Apolo,126,CASA,"165,50",Abandonado,,,,,Arrecadação,R4,,,,,,,,,,,,,,,,"-8,06158","-34,87226","-8.06158,-34.87226",-8.06158,-34.87226
11455145020315,11455145,Recife,Rua do Apolo,133,EDIFÍCIO COMERCIAL/SERVIÇOS,"1.064,00",Abandonado,,,,,santa casa,,,,,,,,,,,,,,,,,"-8,06125","-34,87270","-8.06125,-34.87270",-8.06125,-34.87270
11455150040100,11455150,Recife,Rua do Apolo,134,CASA,"249,20",Aberto,,,,,empresa AMB Promoções Eventos,SR,,,,,,,,,,,,,,,,"-8,06152","-34,87223","-8.06152,-34.87223",-8.06152,-34.87223
11455150040110,11455150,Recife,Rua do Apolo,140,CASA,"292,50",Aberto,,,,,Empresa,SR,,,,,,,,,,,,,,,,"-8,06148","-34,87216","-8.06148,-34.87216",-8.06148,-34.87216
11455145020310,11455145,Recife,Rua do Apolo,143,GALPÃO,"455,70",Fechado,,,,Aluguel (subunidade),térreo,,,,,Direct: 9.9996-5777,,,,,,,,,,,,"-8,06127","-34,87249","-8.06127,-34.87249",-8.06127,-34.87249
11455150040116,11455150,Recife,Rua do Apolo,146,CASA,"158,50",Aberto,,,,,Casa de Cactus AMB Promoções Eventos,SR,,,,,,,,,,,,,,,,"-8,06143","-34,87215","-8.06143,-34.87215",-8.06143,-34.87215
11455150040121,11455150,Recife,Rua do Apolo,152,LOJA,"55,00",Aberto,,,,,Coworking fullness,SR,,,,,,,,,,,,,,,,"-8,06139","-34,87212","-8.06139,-34.87212",-8.06139,-34.87212
11455145020303,11455145,Recife,Rua do Apolo,153,GALPÃO,"256,20",Fechado,,,,Aluguel (inteiro),aluguel,,,,,,,,,,,,,,,,,"-8,06122","-34,87237","-8.06122,-34.87237",-8.06122,-34.87237
11455150040130,11455150,Recife,Rua do Apolo,158,LOJA,"516,00",Aberto,,,,,sindicato dos estivadores nos Portos PE,,,,,,,,,,,,,,,,,"-8,06134","-34,87208","-8.06134,-34.87208",-8.06134,-34.87208
11455145020293,11455145,Recife,Rua do Apolo,161,EDIFÍCIO COMERCIAL/SERVIÇOS,"604,40",Aberto,,,,,Adatti Empresa,,,,,,,,,,,,,,,,,"-8,06103","-34,87255","-8.06103,-34.87255",-8.06103,-34.87255
11455150040135,11455150,Recife,Rua do Apolo,164,LOJA,"74,30",Aberto,Pausa Vip,,,,Empresa Restaurante Pausa Vip,SR,,,,,,,,,,,,,,,,"-8,06129","-34,87205","-8.06129,-34.87205",-8.06129,-34.87205
11455145020278,11455145,Recife,Rua do Apolo,169,LOJA,"588,00",Fechado,,,,Verificar,,,,,,,,,,,,,32313113 / 999965777,,,,,"-8,06098","-34,87251","-8.06098,-34.87251",-8.06098,-34.87251
11455150040144,11455150,Recife,Rua do Apolo,170,LOJA,"84,00",Fechado,,,,,disponível,SR,,,,,,,,,,,,,,,,"-8,06125","-34,87205","-8.06125,-34.87205",-8.06125,-34.87205
11455150040148,11455150,Recife,Rua do Apolo,174,LOJA,"85,80",Aberto,Lulu Comedoria,,,,Restaurante Lulu Comedoria,SR,,,,,,,,,,,,,,,,"-8,06122","-34,87201","-8.06122,-34.87201",-8.06122,-34.87201
11455145020274,11455145,Recife,Rua do Apolo,175,EDIFICAÇÃO ESPECIAL,"1.000,60",Fechado,,,,,entrada rua do cais do apolo,,,,,,,,,,,,,,,,,"-8,06101","-34,87235","-8.06101,-34.87235",-8.06101,-34.87235
11455145020268,11455145,Recife,Rua do Apolo,181,EDIFICAÇÃO ESPECIAL,"836,70",Aberto,,,,,empresa de call center,,,,,,,,,,,,,,,,,"-8,06095","-34,87232","-8.06095,-34.87232",-8.06095,-34.87232
11455150040152,11455150,Recife,Rua do Apolo,182,LOJA,"148,00",Aberto,Mia 182,,,,Mia Café,,,,,,,,,,,,,,,,,"-8,06117","-34,87198","-8.06117,-34.87198",-8.06117,-34.87198
11455130040044,11455130,Recife,Rua do Apolo,198,LOJA,"169,60",Fechado,,,,,,SR,,,,,,,,,,,,,,,,"-8,06102","-34,87189","-8.06102,-34.87189",-8.06102,-34.87189
11455125020220,11455125,Recife,Rua do Apolo,199,EDIFICAÇÃO ESPECIAL,"772,00",Aberto,,,,,Casa de Recepção DiBranco,,,,,,,,,,,,,,,,,"-8,06079","-34,87233","-8.06079,-34.87233",-8.06079,-34.87233
11455130040048,11455130,Recife,Rua do Apolo,202,LOJA,"86,20",Fechado,,,,,não está disponível,R2,,,,,,,,,,,BCT 30918981,,,não está disponível,,"-8,06098","-34,87187","-8.06098,-34.87187",-8.06098,-34.87187
11455125020210,11455125,Recife,Rua do Apolo,207,LOJA,"909,00",Aberto,,,,,empresa speed,,,,,,,,,,,,,,,,,"-8,06071","-34,87234","-8.06071,-34.87234",-8.06071,-34.87234
11455130040053,11455130,Recife,Rua do Apolo,208,LOJA,"80,40",Fechado,,,,,,SR,,,,,,,,,,,,,,,,"-8,06094","-34,87184","-8.06094,-34.87184",-8.06094,-34.87184
11455125020205,11455125,Recife,Rua do Apolo,213,LOJA,"971,70",Aberto,,,,,empresa stellantis,,,,,,,,,,,,,,,,,"-8,06067","-34,87231","-8.06067,-34.87231",-8.06067,-34.87231
11455130040065,11455130,Recife,Rua do Apolo,216,LOJA,"110,40",Em obra,,,,,,SR,,,,,,,,,,,(81) 99114-9000,,,"R$ 15.000,00",não disponível,"-8,06087","-34,87180","-8.06087,-34.87180",-8.06087,-34.87180
11455125020195,11455125,Recife,Rua do Apolo,219,LOJA,"538,60",Aberto,Casa Malassombro,,,,Casa Malassombro - Sede da orquestra,,,,,,,,,,,,,,,,,"-8,06067","-34,87219","-8.06067,-34.87219",-8.06067,-34.87219
11455130040070,11455130,Recife,Rua do Apolo,224,EDIFÍCIO COMERCIAL/SERVIÇOS,"121,40",Aberto,,,,,Ponto de Cultura Pé de Serra,R1,,,,,,,,,,,,,,,,"-8,06082","-34,87177","-8.06082,-34.87177",-8.06082,-34.87177
11455130040075,11455130,Recife,Rua do Apolo,230,LOJA,"378,10",Fechado,,,,Venda (inteiro),disponível vende-se,,,,,fechado (antigo Sinspire Rua da Guia),,,,,,,Dono - 998461212 / 21233333,,,não disponível,"R$2.000.000,00","-8,06079","-34,87168","-8.06079,-34.87168",-8.06079,-34.87168
11455130040080,11455130,Recife,Rua do Apolo,234,EDIFÍCIO COMERCIAL/SERVIÇOS,"764,70",Aberto,,,,,embaixada dos bonecos entrada pela Rua da Guia,,,,,,,,,,,,Direct - 32313113 / 999965777,,,,,"-8,06071","-34,87166","-8.06071,-34.87166",-8.06071,-34.87166
11455125020185,11455125,Recife,Rua do Apolo,235,CASA,"571,50",Aberto,,,,,Apolo 235 / Porto Digital,,,,,,,,,,,,,,,,,"-8,06059","-34,87222","-8.06059,-34.87222",-8.06059,-34.87222
11455156020250,11455156,Recife,Rua do Bom Jesus,125,EDIFÍCIO COMERCIAL/SERVIÇOS,"1.137,70",Aberto,,,,,galeria de arte,,,,,funcionando (empresa station),,,,,,,,,,,,"-8,06241","-34,87172","-8.06241,-34.87172",-8.06241,-34.87172
11455156020240,11455156,Recife,Rua do Bom Jesus,137,EDIFÍCIO COMERCIAL/SERVIÇOS,"816,70",Aberto,,,,,Universidade Uniaeso,,,,,,,,,,,,,,,,,"-8,06233","-34,87168","-8.06233,-34.87168",-8.06233,-34.87168
11455156020230,11455156,Recife,Rua do Bom Jesus,143,EDIFÍCIO COMERCIAL/SERVIÇOS,"400,00",Aberto,,,,,Balé Popular do Recife,,,,,,,,,,,,,,,,,"-8,06228","-34,87165","-8.06228,-34.87165",-8.06228,-34.87165
11455156020223,11455156,Recife,Rua do Bom Jesus,147,#N/A,,Em obra,,,,,Prédio público/futuras instalações da Sec.da mulher,R2,,,,,,,,,,,,,,,,"-8,06221","-34,87162","-8.06221,-34.87162",-8.06221,-34.87162
11455160040070,11455160,Recife,Rua do Bom Jesus,152,LOJA,"626,40",Aberto,Cioccolatte Gelateria,,,,Cioccolatte Gelateria (entrada pela Alfredo Lisboa),,,,,funcionando (entrada pela Rua Alfredo Lisboa),,,,,,,,,,,,"-8,06243","-34,87125","-8.06243,-34.87125",-8.06243,-34.87125
11455156020223,11455156,Recife,Rua do Bom Jesus,155,EDIFÍCIO COMERCIAL/SERVIÇOS,"916,50",Em obra,,,,,Prédio Público Futuras Estalações SELM,R2,,,,,,,,,,,,,,,,"-8,06221","-34,87162","-8.06221,-34.87162",-8.06221,-34.87162
11455160040075,11455160,Recife,Rua do Bom Jesus,156,EDIFICAÇÃO ESPECIAL,"582,80",Aberto,,,,,Datametrica,,,,,funcionando (acesso pela Rua Alfredo Lisboa),,,,,,,,,,,,"-8,06239","-34,87122","-8.06239,-34.87122",-8.06239,-34.87122
11455160040080,11455160,Recife,Rua do Bom Jesus,160,EDIFICAÇÃO ESPECIAL,"561,40",Aberto,,,,,Datametrica,,,,,funcionando (acesso pela Rua Alfredo Lisboa),,,,,,,,,,,,"-8,06234","-34,87120","-8.06234,-34.87120",-8.06234,-34.87120
11455156020215,11455156,Recife,Rua do Bom Jesus,163,LOJA,"552,00",Aberto,,,,,Sindicato dos Conferentes de Carga PE,,,,,terreo loja de artesanato PE sobreloja,,,,,,,,,,,,"-8,06212","-34,87158","-8.06212,-34.87158",-8.06212,-34.87158
11455160040086,11455160,Recife,Rua do Bom Jesus,164,LOJA,"388,80",Abandonado,,,,,Interditado,,,,,,,,,,,,,,,,,"-8,06229","-34,87119","-8.06229,-34.87119",-8.06229,-34.87119
11455156020205,11455156,Recife,Rua do Bom Jesus,171,SALA,"509,00",Aberto,,,,,agência raposo,,,,,,,,,,,,,,,,,"-8,06206","-34,87156","-8.06206,-34.87156",-8.06206,-34.87156
11455160040100,11455160,Recife,Rua do Bom Jesus,172,EDIFÍCIO COMERCIAL/SERVIÇOS,"1.082,00",Aberto,Bar 28 (Alfredo Lisboa),,,Aluguel (subunidade),Ed. Bom jesus / Misto (moradia e comércio),R1,,,,,,,,,,,,,,,,"-8,06221","-34,87116","-8.06221,-34.87116",-8.06221,-34.87116
11455160040110,11455160,Recife,Rua do Bom Jesus,180,EDIFÍCIO COMERCIAL/SERVIÇOS,"595,20",Aberto,,,,,espaço coworking,,,,,,,,,,,,,,,,,"-8,06214","-34,87113","-8.06214,-34.87113",-8.06214,-34.87113
11455156020196,11455156,Recife,Rua do Bom Jesus,183,EDIFÍCIO COMERCIAL/SERVIÇOS,"1.191,40",Aberto,Café Bom Jesus,,,,"Embaixada Pernambuco, Cafe Bom Jesus",,,,,funcionando (Empresarial Bom Jesus),,,,,,,,,,,,"-8,06197","-34,87151","-8.06197,-34.87151",-8.06197,-34.87151
11455160040115,11455160,Recife,Rua do Bom Jesus,188,EDIFICAÇÃO ESPECIAL,"1.056,00",Aberto,,,,,Delegacia Polícia Civil,,,,,funcionando (acesso pela Rua Alfredo Lisboa),,,,,,,,,,,,"-8,06208","-34,87111","-8.06208,-34.87111",-8.06208,-34.87111
11455156020190,11455156,Recife,Rua do Bom Jesus,191,LOJA,"374,80",Aberto,,,,,Inciti Parque Capibaribe (antigo Banco Safra),,,,,,,,,,,,,,,,,"-8,06189","-34,87147","-8.06189,-34.87147",-8.06189,-34.87147
11455160040120,11455160,Recife,Rua do Bom Jesus,194,EDIFICAÇÃO ESPECIAL,"545,60",Aberto,,,,,Praticagem da barra,R1,,,,,,,,,,,,,,,,"-8,06202","-34,87109","-8.06202,-34.87109",-8.06202,-34.87109
11455156020180,11455156,Recife,Rua do Bom Jesus,197,TEMPLO RELIGIOSO,"297,50",Aberto,,,,,sinagoga,,,,,,,,,,,,,,,,,"-8,06185","-34,87145","-8.06185,-34.87145",-8.06185,-34.87145
11455160040130,11455160,Recife,Rua do Bom Jesus,200,EDIFÍCIO COMERCIAL/SERVIÇOS,"537,60",Aberto,,,,,Sindicato dos Trabalhadores Portuários PE,,,,,,,,,,,,,,,,,"-8,06197","-34,87107","-8.06197,-34.87107",-8.06197,-34.87107
11455156020175,11455156,Recife,Rua do Bom Jesus,203,EDIFICAÇÃO ESPECIAL,"306,40",Aberto,,,,,sinagoga,,,,,,,,,,,,,,,,,"-8,06181","-34,87143","-8.06181,-34.87143",-8.06181,-34.87143
11455160040135,11455160,Recife,Rua do Bom Jesus,206,EDIFÍCIO COMERCIAL/SERVIÇOS,"446,40",Abandonado,,,,,Abandonado,,,,,,,,,,,Santa Casa - Ewerton,(81) 99163-6513,,,"R$10.000,00","Imóvel 206/212 - R$3.000,000,00","-8,06192","-34,87106","-8.06192,-34.87106",-8.06192,-34.87106
11455156020170,11455156,Recife,Rua do Bom Jesus,207,LOJA,"835,30",Aberto,,,,,"Edifício London (Empresas, Polícia)",,,,,,,,,,,,,,,,,"-8,06176","-34,87140","-8.06176,-34.87140",-8.06176,-34.87140
11455160040145,11455160,Recife,Rua do Bom Jesus,212,EDIFÍCIO COMERCIAL/SERVIÇOS,"487,50",Abandonado,,,,Aluguel (inteiro),,,,,,Aluguel: 99269-0184,Fernando Dubeux,,,,,Santa Casa - Ewerton,(81) 99163-6513,,,"R$10.000,00","Imóvel 206/212 - R$3.000,000,00","-8,06186","-34,87104","-8.06186,-34.87104",-8.06186,-34.87104
11455156020160,11455156,Recife,Rua do Bom Jesus,215,EDIFÍCIO COMERCIAL/SERVIÇOS,"492,00",Aberto,,,,,Artesanato,,,,,Funcionando apenas o Térreo,,,,,,,,,,,,"-8,06170","-34,87138","-8.06170,-34.87138",-8.06170,-34.87138
11455160040150,11455160,Recife,Rua do Bom Jesus,220,SALA,"570,40",Aberto,,,,,Datamétrica,,,,,,,,,,,,,,,,,"-8,06180","-34,87102","-8.06180,-34.87102",-8.06180,-34.87102
11455160040155,11455160,Recife,Rua do Bom Jesus,226,SALA,"771,00",Aberto,,,,,call center empresa Datametrica,SR,,,,,,,,,,,,,,,,"-8,06175","-34,87099","-8.06175,-34.87099",-8.06175,-34.87099
11455156020155,11455156,Recife,Rua do Bom Jesus,227,SALA,"860,00",Aberto,Do Zero,,,,casa zero,,,,,,,,,,,,,,,,,"-8,06164","-34,87135","-8.06164,-34.87135",-8.06164,-34.87135
11455156020146,11455156,Recife,Rua do Bom Jesus,237,EDIFÍCIO COMERCIAL/SERVIÇOS,"546,00",Aberto,,,,,Casa Zero,,,,,,,,,,,,,,,,,"-8,06158","-34,87132","-8.06158,-34.87132",-8.06158,-34.87132
11455120040050,11455120,Recife,Rua do Bom Jesus,,#N/A,,Aberto,,,,,Torre Malakoff,,,,,,,,,,,,,,,,,"-8,06081","-34,87071","-8.06081,-34.87071",-8.06081,-34.87071
11455105020400,11455105,Recife,Rua do Brum,27,GALPÃO,"1.366,20",Fechado,,,,,,N,,,,,,,,,,,,,,,,"-8,06026","-34,87209","-8.06026,-34.87209",-8.06026,-34.87209
11455105020380,11455105,Recife,Rua do Brum,41,GALPÃO,"1.154,70",Fechado,,,,,,N,,,,,,,,,,,,,,,,"-8,05999","-34,87232","-8.05999,-34.87232",-8.05999,-34.87232
11455105020370,11455105,Recife,Rua do Brum,51,LOJA,"680,00",Aberto,,,,,SERTTEL Filial Porto Digital,N,,,,,,,,,,,,,,,,"-8,06001","-34,87209","-8.06001,-34.87209",-8.06001,-34.87209
11455105020360,11455105,Recife,Rua do Brum,61,GALPÃO,"527,00",Em licenciamento,,,,,,N,,,,,,,,,,,,,,,,"-8,05993","-34,87208","-8.05993,-34.87208",-8.05993,-34.87208
11455105020350,11455105,Recife,Rua do Brum,69,GALPÃO,"1.013,00",Fechado,,,,,,N,,,,,,,,,,,,,,,,"-8,05983","-34,87221","-8.05983,-34.87221",-8.05983,-34.87221
11455105020345,11455105,Recife,Rua do Brum,77,CASA,"707,70",Aberto,,,,,Cesar School - entrada Rua Cais do Apolo,N,,,,,,,,,,,,,,,,"-8,05975","-34,87221","-8.05975,-34.87221",-8.05975,-34.87221
11455105020337,11455105,Recife,Rua do Brum,85,LOJA,"1.069,80",Em obra,,,,,em reforma futuras estalações do CESAR,N,,,,,,,,,,,,,,,,"-8,05968","-34,87220","-8.05968,-34.87220",-8.05968,-34.87220
11455105020328,11455105,Recife,Rua do Brum,93,GALPÃO,"1.120,50",Em obra,,,,,em reforma futuras estalações do CESAR,N,,,,,,,,,,,,,,,,"-8,05961","-34,87219","-8.05961,-34.87219",-8.05961,-34.87219
11455105020320,11455105,Recife,Rua do Brum,101,GALPÃO,"595,00",Fechado,,,,,,N,,,,,,,,,,,,,,,,"-8,05954","-34,87218","-8.05954,-34.87218",-8.05954,-34.87218
11455105020311,11455105,Recife,Rua do Brum,107,GALPÃO,"1.029,30",Aberto,,,,,tribunal regional do trabalho,N,,,,,,,,,,,,,,,,"-8,05944","-34,87216","-8.05944,-34.87216",-8.05944,-34.87216
11455105020305,11455105,Recife,Rua do Brum,123,SALA,"4.302,80",Aberto,,,,,empresarial (uma sala disponível 294m2),,,,,,,,,,,,corretora: (81) 9180-9289 Brenda Gomes,,,"R$ 20.762,72/mês",não disponível,"-8,05931","-34,87215","-8.05931,-34.87215",-8.05931,-34.87215
11455110050320,11455110,Recife,Rua do Brum,132,GALPÃO,"275,00",Em obra,,,,,built to suit,N,,,,,,,,,,,(81)994972053 / 988157660,,,"1350 m2 (dois espaços de quase 700 m2) - R$70,00 por m2",não disponível,"-8,05937","-34,87161","-8.05937,-34.87161",-8.05937,-34.87161
11455105020289,11455105,Recife,Rua do Brum,137,SALA,"2.189,20",Aberto,,,,,EMPREL SDECTI,N,,,,,,,,,,,,,,,,"-8,05921","-34,87213","-8.05921,-34.87213",-8.05921,-34.87213
11455110050335,11455110,Recife,Rua do Brum,142,GALPÃO,"275,00",Em obra,,,,Aluguel (inteiro),,N,,,,,,,,,,,,,,,,"-8,05927","-34,87159","-8.05927,-34.87159",-8.05927,-34.87159
11455105020275,11455105,Recife,Rua do Brum,145,GALPÃO,"1.235,00",Aberto,,,,,polícia federal,N,,,,,,,,,,,,,,,,"-8,05913","-34,87212","-8.05913,-34.87212",-8.05913,-34.87212
11455090040065,11455090,Recife,Rua do Brum,166,LOJA,"810,00",Abandonado,,,,,,,,,,,,,,,,,,,,,,"-8,05916","-34,87132","-8.05916,-34.87132",-8.05916,-34.87132
11455090040070,11455090,Recife,Rua do Brum,170,LOJA,"723,00",Fechado,,,,Aluguel (inteiro),aluguel,,,,,,,,,,,,999719379,,,"R$3.500,00",não disponível,"-8,05905","-34,87149","-8.05905,-34.87149",-8.05905,-34.87149
11455090040085,11455090,Recife,Rua do Brum,178,GALPÃO,"395,00",Aberto,,,,,estacionamento,,,,,,,,,,,,,,,,,"-8,05898","-34,87147","-8.05898,-34.87147",-8.05898,-34.87147
11455090040090,11455090,Recife,Rua do Brum,186,GALPÃO,"334,10",Fechado,,,,,,,,,,,,,,,,,,,,,,"-8,05891","-34,87146","-8.05891,-34.87146",-8.05891,-34.87146
11455090040095,11455090,Recife,Rua do Brum,196,GALPÃO,"559,50",Aberto,,,,,Empresa Cais,,,,,,,,,,,,,,,,,"-8,05883","-34,87148","-8.05883,-34.87148",-8.05883,-34.87148
11455090040100,11455090,Recife,Rua do Brum,202,GALPÃO,"236,00",Aberto,,,,,estacionamento,,,,,,,,,,,,,,,,,"-8,05877","-34,87140","-8.05877,-34.87140",-8.05877,-34.87140
11455090040115,11455090,Recife,Rua do Brum,210,EDIFÍCIO RESIDENCIAL,"1.596,60",Fechado,,,,,tribunal regional federal anexo II,,,,,,,,,,,,,,,,,"-8,05862","-34,87140","-8.05862,-34.87140",-8.05862,-34.87140
11455090040115,11455090,Recife,Rua do Brum,216,#N/A,,Fechado,,,,,tribunal regional federal anexo II,,,,,,,,,,,,,,,,,"-8,05862","-34,87140","-8.05862,-34.87140",-8.05862,-34.87140
11455090040115,11455090,Recife,Rua do Brum,224,#N/A,,Fechado,,,,,tribunal regional federal anexo II,,,,,,,,,,,,,,,,,"-8,05862","-34,87140","-8.05862,-34.87140",-8.05862,-34.87140
11455075040080,11455075,Recife,Rua do Brum,248,GALPÃO,"1.127,00",Em obra,,,,,futuras instalações Coworking Hub Plural,,,,,,,,,,,,,,,,,"-8,05834","-34,87136","-8.05834,-34.87136",-8.05834,-34.87136
11455065020380,11455065,Recife,Rua do Brum,261,GALPÃO,"752,00",Aberto,,,,,empresa,,,,,,,,,,,,,,,,,"-8,05812","-34,87198","-8.05812,-34.87198",-8.05812,-34.87198
11455075040100,11455075,Recife,Rua do Brum,262,GALPÃO,"322,00",Fechado,,,,Aluguel e venda (inteiro),aluguel/venda,,,,,,,,,,,,GKEL imóveis - 33412430,,,"R$5.151,84",não disponível,"-8,05820","-34,87135","-8.05820,-34.87135",-8.05820,-34.87135
11455075040110,11455075,Recife,Rua do Brum,268,GALPÃO,"346,00",Aberto,,,,,estacionamento,,,,,,,,,,,,,,,,,"-8,05813","-34,87134","-8.05813,-34.87134",-8.05813,-34.87134
11455065020375,11455065,Recife,Rua do Brum,269,GALPÃO,"552,00",Aberto,,,,Aluguel e venda (inteiro),Provisioriamente depósito de obra,,,,,,,,,,,,30375044/988550433,,,"R$ 7.500,00","R$2.500.000,00","-8,05805","-34,87197","-8.05805,-34.87197",-8.05805,-34.87197
11455075040115,11455075,Recife,Rua do Brum,274,GALPÃO,"231,00",Fechado,,,,,,,,,,,,,,,,,,,,,,"-8,05807","-34,87137","-8.05807,-34.87137",-8.05807,-34.87137
11455065020370,11455065,Recife,Rua do Brum,275,GALPÃO,"828,00",Aberto,,,,,empresa,,,,,,,,,,,,,,,,,"-8,05796","-34,87196","-8.05796,-34.87196",-8.05796,-34.87196
11455075040125,11455075,Recife,Rua do Brum,280,LOJA,"519,00",Aberto,,,,,Atacamax Frevo,,,,,,,,,,,,,,,,,"-8,05802","-34,87130","-8.05802,-34.87130",-8.05802,-34.87130
11455075040130,11455075,Recife,Rua do Brum,288,LOJA,"330,50",Fechado,,,,Aluguel (inteiro),Aluguel 500m2 (térreo e primeiro andar),,,,,,,,,,,,988898273 / 996063277,,,"R$5.000,00",não disponível,"-8,05795","-34,87139","-8.05795,-34.87139",-8.05795,-34.87139
11455065020360,11455065,Recife,Rua do Brum,289,EDIFÍCIO RESIDENCIAL,"1.153,20",Abandonado,,,,Venda (inteiro),vendo,baixo,,,,,,,,,,,"Tiago Lins de Souza (só whatsapp 81-30375044, o fixo não atende ligações) e Nilson Lins de Souza (81-988550433)",,,"R$ 6.900,00","R$2,3 milhões","-8,05787","-34,87194","-8.05787,-34.87194",-8.05787,-34.87194
11455075040140,11455075,Recife,Rua do Brum,294,GALPÃO,"260,00",Aberto,,,,Aluguel (inteiro),aluguel,,,,,,,,,,,,992619235,,,Marcelo: esperando retorno no Whatsapp,,"-8,05790","-34,87133","-8.05790,-34.87133",-8.05790,-34.87133
11455065020350,11455065,Recife,Rua do Brum,295,GALPÃO,"651,00",Aberto,,,,,Igreja A Ponte,,,,,,,,,,,,,,,,,"-8,05781","-34,87194","-8.05781,-34.87194",-8.05781,-34.87194
11455075040150,11455075,Recife,Rua do Brum,302,GALPÃO,"600,00",Em obra,,,,Aluguel (inteiro),aluguel,,,,,,,,,,,,Eduardo Andrade (WhatsApp) : 8130397153,,,aberto a negociação,não disponível,"-8,05784","-34,87133","-8.05784,-34.87133",-8.05784,-34.87133
11455065020345,11455065,Recife,Rua do Brum,303,GALPÃO,"650,00",Aberto,,,,,Igreja A Ponte,,,,,,,,,,,,,,,,,"-8,05775","-34,87192","-8.05775,-34.87192",-8.05775,-34.87192
11455065020335,11455065,Recife,Rua do Brum,309,GALPÃO,"675,50",Aberto,,,,,Igreja A Ponte,,,,,,,,,,,,,,,,,"-8,05768","-34,87192","-8.05768,-34.87192",-8.05768,-34.87192
11455065020330,11455065,Recife,Rua do Brum,317,GALPÃO,"775,60",Fechado,,,,,futuras instalações yolo,,,,,,,,,,,,,,,,,"-8,05762","-34,87191","-8.05762,-34.87191",-8.05762,-34.87191
11455065020301,11455065,Recife,Rua do Brum,333,GALPÃO,"2.441,00",Fechado,,,,,futuras instalações yolo,,,,,,,,,,,,,,,,,"-8,05735","-34,87187","-8.05735,-34.87187",-8.05735,-34.87187
11455060040105,11455060,Recife,Rua do Brum,346,EDIFICAÇÃO ESPECIAL,"527,10",Aberto,,,,,sindicato dos servidores,,,,,,,,,,,,,,,,,"-8,05749","-34,87128","-8.05749,-34.87128",-8.05749,-34.87128
11455035020350,11455035,Recife,Rua do Brum,393,GALPÃO,"1.702,80",Aberto,,,,,atacado,,,,,,,,,,,,,,,,,"-8,05694","-34,87181","-8.05694,-34.87181",-8.05694,-34.87181
11455060040091,11455060,Recife,Rua do Brum,398,#N/A,,Terreno,Lanchonete,,,,lanchonete na esquina do lote (invasão),,,,,,,,,,,,,,,,,"-8,05767","-34,87113","-8.05767,-34.87113",-8.05767,-34.87113
11455035020326,11455035,Recife,Rua do Brum,445,GALPÃO,"2.937,30",Fechado,,,,,,,,,,,,,,,,,,,,,,"-8,05663","-34,87177","-8.05663,-34.87177",-8.05663,-34.87177
11455035020290,11455035,Recife,Rua do Brum,455,GALPÃO,"994,30",Aberto,Café Izi Spaces,coworking izi spaces,,,Retro Hall Cais do Apollo,,,,,,,,,,,,,,,,,"-8,05637","-34,87174","-8.05637,-34.87174",-8.05637,-34.87174
11455035020275,11455035,Recife,Rua do Brum,463,EDIFÍCIO COMERCIAL/SERVIÇOS,"1.940,10",Aberto,,,,,Recife Digital Center,,,,,,,,,,,,,,,,,"-8,05627","-34,87172","-8.05627,-34.87172",-8.05627,-34.87172
11455040040135,11455040,Recife,Rua do Brum,466,CASA,"2.085,00",Aberto,,,,,Creche Municipal,,,,,,,,,,,,,,,,,"-8,05656","-34,87116","-8.05656,-34.87116",-8.05656,-34.87116
11455035020260,11455035,Recife,Rua do Brum,485,EDIFÍCIO COMERCIAL/SERVIÇOS,"5.777,20",Aberto,,,,,Recife Digital Center,,,,,,,,,,,,,,,,,"-8,05612","-34,87169","-8.05612,-34.87169",-8.05612,-34.87169
11455040040180,11455040,Recife,Rua do Brum,492,GALPÃO,"962,00",Fechado,,,,,UPINHA do Pilar,,,,,,,,,,,,,,,,,"-8,05620","-34,87111","-8.05620,-34.87111",-8.05620,-34.87111
11455015030196,11455015,Recife,Rua do Brum,515,GALPÃO,"849,80",Fechado,,,,,,,,,,,,,,,,,,,,,,"-8,05584","-34,87165","-8.05584,-34.87165",-8.05584,-34.87165
11455015030184,11455015,Recife,Rua do Brum,527,GALPÃO,"758,70",Fechado,,,,,,,,,,,,,,,,,,,,,,"-8,05573","-34,87164","-8.05573,-34.87164",-8.05573,-34.87164
11455015030172,11455015,Recife,Rua do Brum,539,GALPÃO,"758,70",Fechado,,,,,,,,,,,,,,,,,,,,,,"-8,05562","-34,87163","-8.05562,-34.87163",-8.05562,-34.87163
11455015030147,11455015,Recife,Rua do Brum,565,GALPÃO,"1.664,60",Fechado,,,,,galpão,,,,,,,,,,,,,,,,,"-8,05539","-34,87147","-8.05539,-34.87147",-8.05539,-34.87147
11455015030126,11455015,Recife,Rua do Brum,595,GALPÃO,"999,60",Fechado,,,,,Galpão,,,,,,,,,,,,,,,,,"-8,05512","-34,87156","-8.05512,-34.87156",-8.05512,-34.87156
11455015030106,11455015,Recife,Rua do Brum,617,GALPÃO,"1.540,20",Aberto,,,,,Tribunal Regional do Trabalho,,,,,,,,,,,,,,,,,"-8,05494","-34,87154","-8.05494,-34.87154",-8.05494,-34.87154
11455015030012,11455015,Recife,Rua do Brum,703,GALPÃO,"2.956,80",Fechado,,,,,pilar,,,,,,,,,,,,,,,,,"-8,05406","-34,87144","-8.05406,-34.87144",-8.05406,-34.87144
11455020040075,11455020,Recife,Rua do Brum,,#N/A,,Abandonado,,,,,,,,,,,,,,,,,,,,,,"-8,05594","-34,87093","-8.05594,-34.87093",-8.05594,-34.87093
11455020040091,11455020,Recife,Rua do Brum,,#N/A,,Abandonado,,,,,,,,,,,,,,,,,,,,,,"-8,05583","-34,87093","-8.05583,-34.87093",-8.05583,-34.87093
11455040040092,11455040,Recife,Rua do Brum,,#N/A,,Aberto,,,,,"upinha, escolha e creche do pilar",,,,,,,,,,,,,,,,,"-8,05698","-34,87104","-8.05698,-34.87104",-8.05698,-34.87104
11455105030035,11455105,Recife,Rua do Observatório,55,GALPÃO,"981,40",Fechado,,,,Aluguel (inteiro),aluguel em reforma (disponível),,,,,,,,,,,,981733753,,,Marcelo: liguei para o contato às 11h40 do dia 16/12/22 mas ninguém atendeu,,"-8,06019","-34,87239","-8.06019,-34.87239",-8.06019,-34.87239
11455155020255,11455155,Recife,Rua Domingos José Martins,17,LOJA,"499,20",Abandonado,,,,,inativo,,,,,,,,,,,,Vicente,,,,,"-8,06222","-34,87197","-8.06222,-34.87197",-8.06222,-34.87197
11455155020215,11455155,Recife,Rua Domingos José Martins,75,EDIFÍCIO COMERCIAL/SERVIÇOS,"6.139,40",Aberto,,,,,Softex,R1,,,,,,,,,,,,,,,,"-8,06184","-34,87181","-8.06184,-34.87181",-8.06184,-34.87181
11455155020190,11455155,Recife,Rua Domingos José Martins,95,LOJA,"226,20",Aberto,,,,,Rádio Frei Caneca,,,,,,,,,,,,,,,,,"-8,06166","-34,87170","-8.06166,-34.87170",-8.06166,-34.87170
11455155020241,11455155,Recife,Rua Domingos José Martins,,#N/A,,Em obra,,,,,Hotel Hilton em licenciamento,,,,,,,,,,,,João Domingos,,,,,"-8,06206","-34,87194","-8.06206,-34.87194",-8.06206,-34.87194
11455200030065,11455200,Recife,Rua Dona Maria Cesar,170,EDIFÍCIO COMERCIAL/SERVIÇOS,"2.955,10",Aberto,"Sansa, Poke, Seu Veva, Frederiks",,,,Empresarial Edf. Luciano Costa,,,,,,,,,,,,,,,,,"-8,06305","-34,87229","-8.06305,-34.87229",-8.06305,-34.87229
11455295030025,11455295,Recife,Rua dos Arrecifes,54,CASA,"208,40",Aberto,,,,,Cozinha da Brotfabrik,,,,,,,,,,,,,,,,,"-8,06488","-34,87263","-8.06488,-34.87263",-8.06488,-34.87263
11455005110063,11455005,Recife,Rua Dr Ascânio Peixoto,0,,"0,00",Porto do Recife,,Porto do Recife,,,,,,,,,,,,,,,,,,,,"-8,04545","-34,86893","-8.04545,-34.86893",-8.04545,-34.86893
11455005110071,11455005,Recife,Rua Dr Ascânio Peixoto,0,,"0,00",Porto do Recife,,Porto do Recife,,,,,,,,,,,,,,,,,,,,"-8,05015","-34,87008","-8.05015,-34.87008",-8.05015,-34.87008
11455005110075,11455005,Recife,Rua Dr Ascânio Peixoto,0,,"0,00",Porto do Recife,,Porto do Recife,,,,,,,,,,,,,,,,,,,,"-8,05136","-34,87044","-8.05136,-34.87044",-8.05136,-34.87044
11455005110076,11455005,Recife,Rua Dr Ascânio Peixoto,0,,"0,00",Porto do Recife,,,,,,,,,,,,,,,,,,,,,,"-8,05158","-34,87092","-8.05158,-34.87092",-8.05158,-34.87092
11455005176687,11455005,Recife,Rua Dr Ascânio Peixoto,0,Galpão,"6.340,00",Porto do Recife,,Porto do Recife,,,,,,,,,,,,,,,,,,,,"-8,05022","-34,87129","-8.05022,-34.87129",-8.05022,-34.87129
11455005110055,11455005,Recife,Rua Dr Ascânio Peixoto,40,Condomínio Misto,"360,17",Porto do Recife,,,,,,,,,,,,,,,,,,,,,,"-8,04883","-34,86855","-8.04883,-34.86855",-8.04883,-34.86855
11455005110057,11455005,Recife,Rua Dr Ascânio Peixoto,44,Condomínio Misto,"6.058,80",Porto do Recife,,,,,,,,,,,,,,,,,,,,,,"-8,04699","-34,86778","-8.04699,-34.86778",-8.04699,-34.86778
11455005110058,11455005,Recife,Rua Dr Ascânio Peixoto,45,Edificação Especial,"1.823,00",Porto do Recife,,,,,,,,,,,,,,,,,,,,,,"-8,04725","-34,86740","-8.04725,-34.86740",-8.04725,-34.86740
11455005110059,11455005,Recife,Rua Dr Ascânio Peixoto,46,Condomínio Misto,"27.386,80",Porto do Recife,,,,,,,,,,,,,,,,,,,,,,"-8,04538","-34,86744","-8.04538,-34.86744",-8.04538,-34.86744
11455005110062,11455005,Recife,Rua Dr Ascânio Peixoto,48,Galpão,"6.256,30",Porto do Recife,,,,,,,,,,,,,,,,,,,,,,"-8,04663","-34,86853","-8.04663,-34.86853",-8.04663,-34.86853
11455005110065,11455005,Recife,Rua Dr Ascânio Peixoto,50,Condomínio Comercial/Serviço,"5.555,90",Porto do Recife,,,,,,,,,,,,,,,,,,,,,,"-8,04796","-34,86915","-8.04796,-34.86915",-8.04796,-34.86915
11455005110066,11455005,Recife,Rua Dr Ascânio Peixoto,51,Condomínio Comercial/Serviço,"635,90",Porto do Recife,,,,,,,,,,,,,,,,,,,,,,"-8,04693","-34,86965","-8.04693,-34.86965",-8.04693,-34.86965
11455005110069,11455005,Recife,Rua Dr Ascânio Peixoto,54,Edificação Especial,"2.817,00",Porto do Recife,,,,,,,,,,,,,,,,,,,,,,"-8,04837","-34,87017","-8.04837,-34.87017",-8.04837,-34.87017
11455010025138,11455010,Recife,Rua Dr Ascânio Peixoto,59,Galpão,"3.001,39",Porto do Recife,,,,,,,,,,,,,,,,,,,,,,"-8,04959","-34,87093","-8.04959,-34.87093",-8.04959,-34.87093
11455005110078,11455005,Recife,Rua Dr Ascânio Peixoto,60,Edificação Especial,"1.612,00",Porto do Recife,,,,,,,,,,,,,,,,,,,,,,"-8,05142","-34,87048","-8.05142,-34.87048",-8.05142,-34.87048
11455005110070,11455005,Recife,Rua Dr Ascânio Peixoto,70,,"0,00",Porto do Recife,,,,,,,,,,,,,,,,,,,,,,"-8,04878","-34,87085","-8.04878,-34.87085",-8.04878,-34.87085
11455005110077,11455005,Recife,Rua Dr Ascânio Peixoto,77,Edificação Especial,"405,79",Porto do Recife,,,,,,,,,,,,,,,,,,,,,,"-8,05212","-34,87101","-8.05212,-34.87101",-8.05212,-34.87101
11455005110100,11455005,Recife,Rua Dr Ascânio Peixoto,100,Edificação Especial,"1.261,23",Porto do Recife,,,,,,,,,,,,,,,,,,,,,,"-8,04910","-34,87053","-8.04910,-34.87053",-8.04910,-34.87053
11455005110100,11455005,Recife,Rua Dr Ascânio Peixoto,100,Edificação Especial,"1.261,23",Porto do Recife,,,,,,,,,,,,,,,,,,,,,,"-8,04910","-34,87053","-8.04910,-34.87053",-8.04910,-34.87053
11455005110068,11455005,Recife,Rua Dr Ascânio Peixoto,505,Edificação Especial,"3.000,00",Porto do Recife,,,,,,,,,,,,,,,,,,,,,,"-8,04782","-34,87000","-8.04782,-34.87000",-8.04782,-34.87000
11565250020249,11565250,Santo Antônio,Rua Duque de Caixias,292,LOJA,"500,00",Fechado,,,,Aluguel (inteiro),,,,,,,,,,,,,André Costa (991159455),,,,,,,",",,
11565250020252,11565250,Santo Antônio,Rua Duque de Caixias,298,LOJA,"607,00",Fechado,,,,Aluguel (inteiro),,,,,,,,,,,,,André Costa (991159455),,,,,,,",",,
11565250020270,11565250,Santo Antônio,Rua Duque de Caixias,316,LOJA,"729,00",Fechado,,,,Aluguel (inteiro),,,,,,,,,,,,,André Costa (991159455),,,,,,,",",,
11560190010395,11560190,Boa Vista,Rua Imperatriz Teresa Cristina,83,INSTITUIÇÃO FINANCEIRA,"427,04",Fechado,,,,Aluguel (inteiro),,,,,,,,,,,,,André Costa (991159455),,,,,,,",",,
11560190010390,11560190,Boa Vista,Rua Imperatriz Teresa Cristina,89,LOJA,,Fechado,,,,Aluguel (inteiro),,,,,,,,,,,,,André Costa (991159455),,,,,,,",",,
11560185030075,11560185,Boa Vista,Rua Imperatriz Teresa Cristina,222,LOJA,"990,69",Fechado,,,,Aluguel (inteiro),,,,,,,,,,,,,André Costa (991159455),,,,,,,",",,
11455325020145,11455325,Recife,Rua Madre de Deus,27,EDIFÍCIO COMERCIAL/SERVIÇOS,"7.041,20",Aberto,,Edf. Votorantim,,,Ed. Votorantim,SR,,,,,,,,,,,,,,,,"-8,06588","-34,87354","-8.06588,-34.87354",-8.06588,-34.87354
11455310040061,11455310,Recife,Rua Madre de Deus,66,EDIFÍCIO COMERCIAL/SERVIÇOS,"219,10",Fechado,,,,Aluguel (inteiro),,R2,,,,,,,,,,,Santa Casa 99269-0184,,,Marcelo: liguei em diversas ocasiões para o número e sempre cai direto para caixa postal,,"-8,06519","-34,87336","-8.06519,-34.87336",-8.06519,-34.87336
11455270020075,11455270,Recife,Rua Madre de Deus,100,#N/A,,Aberto,,Igreja Madre de Deus,,,,SR,,,,,,,,,,,,,,,,"-8,06424","-34,87391","-8.06424,-34.87391",-8.06424,-34.87391
11455271020300,11455271,Recife,Rua Madre de Deus,110,EDIFÍCIO COMERCIAL/SERVIÇOS,"11.200,50",Aberto,Café Jaqueira,Livraria Jaqueira,,,Livraria Jaqueira,R2,,,,,,,,,,,,,,,,"-8,06544","-34,87373","-8.06544,-34.87373",-8.06544,-34.87373
11455321020300,11455321,Recife,Rua Madre de Deus,110,Edifício Comercial/Serviços,"11.200,55",Aberto,,Paço Alfândega,,,,,,,,,,,,,,,,,,,,"-8,06544","-34,87373","-8.06544,-34.87373",-8.06544,-34.87373
11455270020075,11455270,Recife,Rua Madre de Deus,122,CASA,"1.972,00",Aberto,,,,,Igreja da Madre de Deus,,,,,,,,,,,,,,,,,"-8,06424","-34,87391","-8.06424,-34.87391",-8.06424,-34.87391
11455250020165,11455250,Recife,Rua Madre de Deus,253,LOJA,"364,00",Fechado,,Chanteclair,,Aluguel (inteiro),Ed. Chanteclair,,,,,,,,,,,,,,,,,"-8,06388","-34,87373","-8.06388,-34.87373",-8.06388,-34.87373
11455285040085,11455285,Recife,Rua Madre de Deus,268,LOJA,"300,50",Fechado,,,,,,,,,,,,,,,,,,,,,,"-8,06435","-34,87345","-8.06435,-34.87345",-8.06435,-34.87345
11455190040060,11455190,Recife,Rua Madre de Deus,300,EDIFÍCIO COMERCIAL/SERVIÇOS,"1.234,80",Aberto,,,,Aluguel (inteiro),Térreo Urban Parking/VIP Imobiliária,R2,,,,,,,,,,,998110666,,,"Marcelo: liguei para o número no dia 19/12, a pessoa que me atendeu ficou de passar meu contato para o corretor responsável",,"-8,06299","-34,87357","-8.06299,-34.87357",-8.06299,-34.87357
11455310020180,11455310,Recife,Rua Mariz e Barros,71,EDIFICAÇÃO ESPECIAL,"556,40",Fechado,,,,,,SR,,,,,,,,,,,,,,,,"-8,06523","-34,87288","-8.06523,-34.87288",-8.06523,-34.87288
11455310020170,11455310,Recife,Rua Mariz e Barros,75,EDIFÍCIO COMERCIAL/SERVIÇOS,"251,60",Fechado,,,,Aluguel (inteiro),aluguel santa casa,SR,,,,,,,,,,Santa Casa - Ewerton,(81) 99163-6513,,,"R$7.000,00","R$1.000,000,00","-8,06516","-34,87289","-8.06516,-34.87289",-8.06516,-34.87289
11455310020150,11455310,Recife,Rua Mariz e Barros,91,LOJA,"1.026,80",Aberto,,,,,empresa só bronza,SR,,,,,,,,,,,,,,,,"-8,06506","-34,87290","-8.06506,-34.87290",-8.06506,-34.87290
11455295040045,11455295,Recife,Rua Mariz e Barros,104,EDIFÍCIO COMERCIAL/SERVIÇOS,"220,00",Aberto,,,,,Bits Studio Grafico,R1,,,,,,,,,,,,,,,,"-8,06489","-34,87270","-8.06489,-34.87270",-8.06489,-34.87270
11455300020165,11455300,Recife,Rua Mariz e Barros,107,EDIFÍCIO COMERCIAL/SERVIÇOS,"306,00",Aberto,,,,,1° andar funcionando residencial,,,,,Térreo fechado com placa de interditado,,,,,,,,,,,,"-8,06488","-34,87293","-8.06488,-34.87293",-8.06488,-34.87293
11455300020156,11455300,Recife,Rua Mariz e Barros,113,LOJA,"238,00",Fechado,,,,,sem informação,SR,,,,,,,,,,,,,,,,"-8,06480","-34,87294","-8.06480,-34.87294",-8.06480,-34.87294
11455300020148,11455300,Recife,Rua Mariz e Barros,121,EDIFÍCIO COMERCIAL/SERVIÇOS,"272,00",Aberto,Boteco Moeda,,,,restaurante/bar boteco moeda,R1,,,,,,,,,,,,,,,,"-8,06473","-34,87295","-8.06473,-34.87295",-8.06473,-34.87295
11455280040045,11455280,Recife,Rua Mariz e Barros,158,EDIFÍCIO MISTO,"525,00",Aberto,Recanto da Gaia,,,,Bar no térreo. 1° e 2° andar fechados,R2,,,,Funcionando apenas o Térreo,,,,,,Proprietário fábrica rosa,,,,,,"-8,06437","-34,87278","-8.06437,-34.87278",-8.06437,-34.87278
11455285020155,11455285,Recife,Rua Mariz e Barros,161,LOJA,"158,10",Fechado,,,,Aluguel (inteiro),,R1,,,,,,,,,,,999719588,,,,,"-8,06435","-34,87298","-8.06435,-34.87298",-8.06435,-34.87298
11455265020005,11455265,Recife,Rua Mariz e Barros,181,EDIFÍCIO COMERCIAL/SERVIÇOS,"140,00",Em obra,,,,,antigo restaurante royal - Futura Casa Baldoria,R1,,,,,,,,,,,,,,,,"-8,06420","-34,87300","-8.06420,-34.87300",-8.06420,-34.87300
11455190020210,11455190,Recife,Rua Mariz e Barros,311,LOJA,"1.459,00",Aberto,,,,Aluguel (subunidade),Térreo funcionando: TI-Saúde. Aluguel apenas do 1° andar,R1,,,,,,,,,,,999735506,,,,,"-8,06304","-34,87332","-8.06304,-34.87332",-8.06304,-34.87332
11455195040076,11455195,Recife,Rua Mariz e Barros,328,EDIFÍCIO COMERCIAL/SERVIÇOS,"1.455,00",Aberto,,,,,diversas empresas operando no prédio,R2,,,,,,,,,,,,,,,,"-8,06288","-34,87305","-8.06288,-34.87305",-8.06288,-34.87305
11565145030016,11565145,Santo Antônio,Rua Nova,214,EDIFÍCIO COMERCIAL/SERVIÇOS,"345,00",Fechado,,,,Aluguel (inteiro),,,,,,,,,,,,,André Costa (991159455),,,,,,,",",,
11565145030021,11565145,Santo Antônio,Rua Nova,218,LOJA,"361,20",Fechado,,,,Aluguel (inteiro),,,,,,,,,,,,,André Costa (991159455),,,,,,,",",,
11565145030097,11565145,Santo Antônio,Rua Nova,294,EDIFÍCIO COMERCIAL/SERVIÇOS,"528,00",Fechado,,,,Aluguel (inteiro),,,,,,,,,,,,,André Costa (991159455),,,,,,,",",,
11565145030102,11565145,Santo Antônio,Rua Nova,300,LOJA,"449,28",Fechado,,,,Aluguel (inteiro),,,,,,,,,,,,,André Costa (991159455),,,,,,,",",,
11565145030110,11565145,Santo Antônio,Rua Nova,306,EDIFÍCIO COMERCIAL/SERVIÇOS,,Fechado,,,,Aluguel (inteiro),,,,,,,,,,,,,André Costa (991159455),,,,,,,",",,
11455280010060,11455280,Recife,Rua Tomazina,57,EDIFÍCIO COMERCIAL/SERVIÇOS,"368,00",Aberto,,,,Aluguel (subunidade),aluguel (170m2),,,,,"Disponível primeiro andar, térreo funcionando",,,,,,,999961925,,,"Marcelo: liguei para o número às 11h44 do dia 19/12/22, mas ninguém atendeu",,"-8,06437","-34,87268","-8.06437,-34.87268",-8.06437,-34.87268
11455285010125,11455285,Recife,Rua Tomazina,113,EDIFICAÇÃO ESPECIAL,"266,00",Aberto,,,,,Atendimento Rua da Moeda 140,,,,,,,,,,,,,,,,,"-8,06437","-34,87318","-8.06437,-34.87318",-8.06437,-34.87318
11455285010115,11455285,Recife,Rua Tomazina,121,LOJA,"184,60",Aberto,Nossa Cozinha,,,,Restaurante Nossa Cozinha,,,,,,,,,,,,,,,,,"-8,06437","-34,87326","-8.06437,-34.87326",-8.06437,-34.87326
11455285010105,11455285,Recife,Rua Tomazina,129,EDIFÍCIO COMERCIAL/SERVIÇOS,"264,50",Aberto,Zero Um,,,,Restaurante Zero Um,,,,,,,,,,,,,,,,,"-8,06436","-34,87335","-8.06436,-34.87335",-8.06436,-34.87335
11455245010115,11455245,Recife,Rua Vigário Tenório,33,EDIFÍCIO COMERCIAL/SERVIÇOS,"685,00",Aberto,Retrô 17,,,,empresarial e restaurante Retro 17,,,,,,,,,,,,,,,,,"-8,06379","-34,87177","-8.06379,-34.87177",-8.06379,-34.87177
11455245010100,11455245,Recife,Rua Vigário Tenório,43,EDIFÍCIO COMERCIAL/SERVIÇOS,"435,00",Abandonado,,,,,empresarial alberto aguiar,,,,,,,,,,,,,,,,,"-8,06387","-34,87185","-8.06387,-34.87185",-8.06387,-34.87185
11455245010090,11455245,Recife,Rua Vigário Tenório,55,LOJA,"966,00",Em obra,,,,,reformando,,,,,,,,,,,,,,,,,"-8,06389","-34,87196","-8.06389,-34.87196",-8.06389,-34.87196
11455245010075,11455245,Recife,Rua Vigário Tenório,68,EDIFICAÇÃO ESPECIAL,"1.728,00",Abandonado,,,,,abandonado,,,,,,,,,,,,,,,,,"-8,06398","-34,87208","-8.06398,-34.87208",-8.06398,-34.87208
11455255010070,11455255,Recife,Rua Vigário Tenório,95,EDIFÍCIO COMERCIAL/SERVIÇOS,"498,00",Aberto,,Conjugado com nº 101,,,edifício,,,,,,,,,,,,,,,,,"-8,06399","-34,87230","-8.06399,-34.87230",-8.06399,-34.87230
11455255010065,11455255,Recife,Rua Vigário Tenório,101,EDIFÍCIO COMERCIAL/SERVIÇOS,"201,00",Aberto,,Conjugado com nº 95,,,não conseguimos contato,,,,,Número não encontrado no ESIG nem no Google,,,,,,,,,,,,"-8,06401","-34,87236","-8.06401,-34.87236",-8.06401,-34.87236
11455255010060,11455255,Recife,Rua Vigário Tenório,105,EDIFÍCIO COMERCIAL/SERVIÇOS,"2.956,80",Aberto,,,,,Edf. Canavial,,,,,,,,,,,,,,,,,"-8,06402","-34,87245","-8.06402,-34.87245",-8.06402,-34.87245
11455260010075,11455260,Recife,Rua Vigário Tenório,135,EDIFICAÇÃO ESPECIAL,"720,00",Aberto,,,,,movimento pró-criança,,,,,,,,,,,,,,,,,"-8,06407","-34,87267","-8.06407,-34.87267",-8.06407,-34.87267
11455260010070,11455260,Recife,Rua Vigário Tenório,143,CASA,"162,30",Aberto,,,,,movimento pró-criança,,,,,,,,,,,,,,,,,"-8,06408","-34,87273","-8.06408,-34.87273",-8.06408,-34.87273
11455260010065,11455260,Recife,Rua Vigário Tenório,149,LOJA,"133,00",Fechado,,,,,,,,,,,,,,,,,,,,,,"-8,06409","-34,87278","-8.06409,-34.87278",-8.06409,-34.87278
11455260010060,11455260,Recife,Rua Vigário Tenório,155,LOJA,"318,00",Aberto,,,,,empresa comercial,,,,,,,,,,,,,,,,,"-8,06410","-34,87284","-8.06410,-34.87284",-8.06410,-34.87284
11455265010135,11455265,Recife,Rua Vigário Tenório,171,EDIFÍCIO COMERCIAL/SERVIÇOS,"168,00",Aberto,,,,,,,,,,,,,,,,,,,,,,"-8,06409","-34,87301","-8.06409,-34.87301",-8.06409,-34.87301
11455265010130,11455265,Recife,Rua Vigário Tenório,177,GALPÃO,"436,00",Em obra,,,,,futura casa de eventos,SR,,,,,,,,,,,,,,,,"-8,06413","-34,87308","-8.06413,-34.87308",-8.06413,-34.87308
11455265010120,11455265,Recife,Rua Vigário Tenório,185,LOJA,"475,00",Aberto,Burburinho,,,,bar e restaurante burburinho,,,,,,,,,,,,Karina Regal - 982398024,,,"liguei às 11h50 do dia 19/12/22, mas ninguém atendeu",,"-8,06413","-34,87316","-8.06413,-34.87316",-8.06413,-34.87316
11455265010115,11455265,Recife,Rua Vigário Tenório,193,CASA,"521,70",Em obra,,,,,reformando fachada,,,,,,,,,,,Marcos,(81) 99973-5653,,,"Marcelo: liguei para o número às 11:48h do dia 19/12/22, a pessoa que me atendeu ficou de passar meu contato para o corretor",,"-8,06413","-34,87324","-8.06413,-34.87324",-8.06413,-34.87324
11455240030111,11455240,Recife,Rua Vigário Tenório,194,EDIFÍCIO COMERCIAL/SERVIÇOS,"1.828,80",Aberto,Restaurante,,,,Empresarial Edf. Alva,,,,,,,,,,,,,,,,,"-8,06379","-34,87319","-8.06379,-34.87319",-8.06379,-34.87319
11455265010110,11455265,Recife,Rua Vigário Tenório,199,LOJA,"288,50",Abandonado,,,,,Abandonado,,,,,,,,,,,,,,,,,"-8,06413","-34,87330","-8.06413,-34.87330",-8.06413,-34.87330
11455265010100,11455265,Recife,Rua Vigário Tenório,205,LOJA,"208,00",Fechado,,,,Aluguel (inteiro),aluguel (170m2),,,,,,,,,,,Carlos ,"(81) 99882-7152 - 11h45, 19/12 caixa postal",,,"R$ 6.000,00",,"-8,06413","-34,87335","-8.06413,-34.87335",-8.06413,-34.87335
11455265010090,11455265,Recife,Rua Vigário Tenório,213,EDIFÍCIO COMERCIAL/SERVIÇOS,"693,00",Fechado,,,,Aluguel (inteiro),precisando de reforma aluguel,,,,,,,,,,,,Imobiliária - 34455000 / 994513473,,,"térreo R$5.500,00 ; primeiro andar R$3.500,00 ; prédio R$8.500,00",não disponível,"-8,06413","-34,87345","-8.06413,-34.87345",-8.06413,-34.87345
11455260010080,11455260,Recife,Rua Vigário Tenório,,#N/A,,Aberto,,,,,Estacionamento em frente ao Downtown,,,,,,,,,,,,,,,,,"-8,06405","-34,87260","-8.06405,-34.87260",-8.06405,-34.87260
11455115030020,11455115,Recife,Rua Vital de Oliveira,32,EDIFICAÇÃO ESPECIAL,"1.367,50",Aberto,,,,,Secretaria de Ciência Tecnologia e Inovação,N,,,,,,,,,,,,,,,,"-8,06043","-34,87058","-8.06043,-34.87058",-8.06043,-34.87058
11455310030020,11455310,Recife,Travessa do Amorim,66,EDIFICAÇÃO ESPECIAL,"603,00",Aberto,,,,,Paço Coworking,SR,,,,,,,,,,,991809289,,,Marcelo: esperando retorno no whatsapp,,"-8,06514","-34,87300","-8.06514,-34.87300",-8.06514,-34.87300
11455310030030,11455310,Recife,Travessa do Amorim,72,EDIFICAÇÃO ESPECIAL,"765,00",Aberto,,,,,,SR,,,,,,,,,,,,,,,,"-8,06516","-34,87306","-8.06516,-34.87306",-8.06516,-34.87306
11455310030040,11455310,Recife,Travessa do Amorim,80,EDIFICAÇÃO ESPECIAL,"990,00",Aberto,,,,,sindicato dos arrumadores portuários avulsos,R1,,,,,,,,,,,,,,,,"-8,06517","-34,87315","-8.06517,-34.87315",-8.06517,-34.87315
11455310030050,11455310,Recife,Travessa do Amorim,90,EDIFÍCIO MISTO,"336,00",Aberto,,,,,Sindicato dos Arrumadores Portuários Avulsos,SR,,,,,,,,,,,,,,,,"-8,06525","-34,87322","-8.06525,-34.87322",-8.06525,-34.87322
11455310030055,11455310,Recife,Travessa do Amorim,100,GALPÃO,"448,00",Em licenciamento,,,,Aluguel e venda (inteiro),,R2,,,,,,,,,,,999710594,,,"3 andares, totalmente reformado, banheiros e copa, elevador novo, 242m por andar, 35000 reais do prédio todo","R$3.800.000,00","-8,06519","-34,87329","-8.06519,-34.87329",-8.06519,-34.87329
11455110010415,11455110,Recife,Travessa Tiradentes,121,GALPÃO,"180,50",Fechado,,,,Aluguel (inteiro),alugado para reforma,N,,,,,,,,,,,,,,,,"-8,05945","-34,87108","-8.05945,-34.87108",-8.05945,-34.87108
11455110010405,11455110,Recife,Travessa Tiradentes,131,GALPÃO,"180,50",Aberto,,,,,Fábrica de Bonecos Gigantes,N,,,,,,,,,,,,,,,,"-8,05943","-34,87116","-8.05943,-34.87116",-8.05943,-34.87116
11455110010395,11455110,Recife,Travessa Tiradentes,137,CASA,"331,50",Aberto,,,,,Moradia,N,,,,,,,,,,,,,,,,"-8,05941","-34,87124","-8.05941,-34.87124",-8.05941,-34.87124
11455110010390,11455110,Recife,Travessa Tiradentes,149,GALPÃO,"160,00",Aberto,,,,,Residência,N,,,,,,,,,,,,,,,,"-8,05939","-34,87132","-8.05939,-34.87132",-8.05939,-34.87132
11455110010380,11455110,Recife,Travessa Tiradentes,159,GALPÃO,"139,70",Aberto,,,,,estacionamento,N,,,,,,,,,,,,,,,,"-8,05937","-34,87140","-8.05937,-34.87140",-8.05937,-34.87140
11455110010370,11455110,Recife,Travessa Tiradentes,159,GALPÃO,"168,00",Fechado,,,,,,N,,,,,,,,,,,,,,,,"-8,05935","-34,87146","-8.05935,-34.87146",-8.05935,-34.87146
11455110010425,11455110,Recife,Travessa Tiradentes,,#N/A,"144,00",Fechado,,,,,estacionamento,,,,,,,,,,,,,,,,,"-8,05945","-34,87100","-8.05945,-34.87100",-8.05945,-34.87100
11455310010105,11455310,Recife,Travessa Tuyuty,39,GALPÃO,"124,00",Abandonado,,,,,Abandonado,,,,,,,,,,,,,,,,,"-8,06512","-34,87323","-8.06512,-34.87323",-8.06512,-34.87323
11455300030055,11455300,Recife,Travessa Tuyuty,46,EDIFÍCIO COMERCIAL/SERVIÇOS,"631,80",Aberto,,,,,empresarial 03 empresas/03 salas,,,,,,,,,,,,,,,,,"-8,06488","-34,87331","-8.06488,-34.87331",-8.06488,-34.87331
11455005110229,11455005,Recife,,0,,"0,00",Porto do Recife,,Porto do Recife,,,,,,,,,,,,,,,,,,,,"-8,05264","-34,86920","-8.05264,-34.86920",-8.05264,-34.86920
